url,min,max,Listing_Count,Max_Pages,guide_id
https://www.cars.com/shopping/results/?page_size=10&searchSource=GN_REFINEMENT&zc=85281&maximum_distance=all&list_price_min=0&list_price_max=499,0,499.0,6171.0,25.0,0
https://www.cars.com/shopping/results/?page_size=10&searchSource=GN_REFINEMENT&zc=85281&maximum_distance=all&list_price_min=500&list_price_max=3994,500,3994.0,5216.0,21.0,1
https://www.cars.com/shopping/results/?page_size=10&searchSource=GN_REFINEMENT&zc=85281&maximum_distance=all&list_price_min=3995&list_price_max=4994,3995,4994.0,5494.0,22.0,2
https://www.cars.com/shopping/results/?page_size=10&searchSource=GN_REFINEMENT&zc=85281&maximum_distance=all&list_price_min=4995&list_price_max=5499,4995,5499.0,4333.0,18.0,3
https://www.cars.com/shopping/results/?page_size=10&searchSource=GN_REFINEMENT&zc=85281&maximum_distance=all&list_price_min=5500&list_price_max=5994,5500,5994.0,3968.0,16.0,4
https://www.cars.com/shopping/results/?page_size=10&searchSource=GN_REFINEMENT&zc=85281&maximum_distance=all&list_price_min=5995&list_price_max=5999,5995,5999.0,3253.0,14.0,5
https://www.cars.com/shopping/results/?page_size=10&searchSource=GN_REFINEMENT&zc=85281&maximum_distance=all&list_price_min=6000&list_price_max=6899,6000,6899.0,5458.0,22.0,6
https://www.cars.com/shopping/results/?page_size=10&searchSource=GN_REFINEMENT&zc=85281&maximum_distance=all&list_price_min=6900&list_price_max=6994,6900,6994.0,2561.0,11.0,7
https://www.cars.com/shopping/results/?page_size=10&searchSource=GN_REFINEMENT&zc=85281&maximum_distance=all&list_price_min=6995&list_price_max=7449,6995,7449.0,5856.0,24.0,8
https://www.cars.com/shopping/results/?page_size=10&searchSource=GN_REFINEMENT&zc=85281&maximum_distance=all&list_price_min=7450&list_price_max=7974,7450,7974.0,5986.0,24.0,9
https://www.cars.com/shopping/results/?page_size=10&searchSource=GN_REFINEMENT&zc=85281&maximum_distance=all&list_price_min=7975&list_price_max=7998,7975,7998.0,5097.0,21.0,10
https://www.cars.com/shopping/results/?page_size=10&searchSource=GN_REFINEMENT&zc=85281&maximum_distance=all&list_price_min=7999&list_price_max=8199,7999,8199.0,2109.0,9.0,11
https://www.cars.com/shopping/results/?page_size=10&searchSource=GN_REFINEMENT&zc=85281&maximum_distance=all&list_price_min=8200&list_price_max=8224,8200,8224.0,,,12
https://www.cars.com/shopping/results/?page_size=10&searchSource=GN_REFINEMENT&zc=85281&maximum_distance=all&list_price_min=8225&list_price_max=8874,8225,8874.0,5857.0,24.0,13
https://www.cars.com/shopping/results/?page_size=10&searchSource=GN_REFINEMENT&zc=85281&maximum_distance=all&list_price_min=8875&list_price_max=8994,8875,8994.0,4001.0,17.0,14
https://www.cars.com/shopping/results/?page_size=10&searchSource=GN_REFINEMENT&zc=85281&maximum_distance=all&list_price_min=8995&list_price_max=9099,8995,9099.0,5950.0,24.0,15
https://www.cars.com/shopping/results/?page_size=10&searchSource=GN_REFINEMENT&zc=85281&maximum_distance=all&list_price_min=9100&list_price_max=9749,9100,9749.0,5378.0,22.0,16
https://www.cars.com/shopping/results/?page_size=10&searchSource=GN_REFINEMENT&zc=85281&maximum_distance=all&list_price_min=9750&list_price_max=9993,9750,9993.0,5935.0,24.0,17
https://www.cars.com/shopping/results/?page_size=10&searchSource=GN_REFINEMENT&zc=85281&maximum_distance=all&list_price_min=9994&list_price_max=9999,9994,9999.0,5908.0,24.0,18
https://www.cars.com/shopping/results/?page_size=10&searchSource=GN_REFINEMENT&zc=85281&maximum_distance=all&list_price_min=10000&list_price_max=10649,10000,10649.0,5786.0,24.0,19
https://www.cars.com/shopping/results/?page_size=10&searchSource=GN_REFINEMENT&zc=85281&maximum_distance=all&list_price_min=10650&list_price_max=10990,10650,10990.0,5980.0,24.0,20
https://www.cars.com/shopping/results/?page_size=10&searchSource=GN_REFINEMENT&zc=85281&maximum_distance=all&list_price_min=10991&list_price_max=10999,10991,10999.0,5542.0,23.0,21
https://www.cars.com/shopping/results/?page_size=10&searchSource=GN_REFINEMENT&zc=85281&maximum_distance=all&list_price_min=11000&list_price_max=11594,11000,11594.0,5922.0,24.0,22
https://www.cars.com/shopping/results/?page_size=10&searchSource=GN_REFINEMENT&zc=85281&maximum_distance=all&list_price_min=11595&list_price_max=11984,11595,11984.0,5361.0,22.0,23
https://www.cars.com/shopping/results/?page_size=10&searchSource=GN_REFINEMENT&zc=85281&maximum_distance=all&list_price_min=11985&list_price_max=11998,11985,11998.0,5609.0,23.0,24
https://www.cars.com/shopping/results/?page_size=10&searchSource=GN_REFINEMENT&zc=85281&maximum_distance=all&list_price_min=11999&list_price_max=12489,11999,12489.0,5141.0,21.0,25
https://www.cars.com/shopping/results/?page_size=10&searchSource=GN_REFINEMENT&zc=85281&maximum_distance=all&list_price_min=12490&list_price_max=12594,12490,12594.0,3051.0,13.0,26
https://www.cars.com/shopping/results/?page_size=10&searchSource=GN_REFINEMENT&zc=85281&maximum_distance=all&list_price_min=12595&list_price_max=12599,12595,12599.0,,,27
https://www.cars.com/shopping/results/?page_size=10&searchSource=GN_REFINEMENT&zc=85281&maximum_distance=all&list_price_min=12600&list_price_max=12649,12600,12649.0,,,28
https://www.cars.com/shopping/results/?page_size=10&searchSource=GN_REFINEMENT&zc=85281&maximum_distance=all&list_price_min=12650&list_price_max=12699,12650,12699.0,,,29
https://www.cars.com/shopping/results/?page_size=10&searchSource=GN_REFINEMENT&zc=85281&maximum_distance=all&list_price_min=12700&list_price_max=12724,12700,12724.0,,,30
https://www.cars.com/shopping/results/?page_size=10&searchSource=GN_REFINEMENT&zc=85281&maximum_distance=all&list_price_min=12725&list_price_max=12739,12725,12739.0,,,31
https://www.cars.com/shopping/results/?page_size=10&searchSource=GN_REFINEMENT&zc=85281&maximum_distance=all&list_price_min=12740&list_price_max=12749,12740,12749.0,,,32
https://www.cars.com/shopping/results/?page_size=10&searchSource=GN_REFINEMENT&zc=85281&maximum_distance=all&list_price_min=12750&list_price_max=12799,12750,12799.0,,,33
https://www.cars.com/shopping/results/?page_size=10&searchSource=GN_REFINEMENT&zc=85281&maximum_distance=all&list_price_min=12800&list_price_max=12849,12800,12849.0,,,34
https://www.cars.com/shopping/results/?page_size=10&searchSource=GN_REFINEMENT&zc=85281&maximum_distance=all&list_price_min=12850&list_price_max=12874,12850,12874.0,,,35
https://www.cars.com/shopping/results/?page_size=10&searchSource=GN_REFINEMENT&zc=85281&maximum_distance=all&list_price_min=12875&list_price_max=12899,12875,12899.0,,,36
https://www.cars.com/shopping/results/?page_size=10&searchSource=GN_REFINEMENT&zc=85281&maximum_distance=all&list_price_min=12900&list_price_max=12994,12900,12994.0,5137.0,21.0,37
https://www.cars.com/shopping/results/?page_size=10&searchSource=GN_REFINEMENT&zc=85281&maximum_distance=all&list_price_min=12995&list_price_max=12999,12995,12999.0,5746.0,23.0,38
https://www.cars.com/shopping/results/?page_size=10&searchSource=GN_REFINEMENT&zc=85281&maximum_distance=all&list_price_min=13000&list_price_max=13499,13000,13499.0,5716.0,23.0,39
https://www.cars.com/shopping/results/?page_size=10&searchSource=GN_REFINEMENT&zc=85281&maximum_distance=all&list_price_min=13500&list_price_max=13899,13500,13899.0,5873.0,24.0,40
https://www.cars.com/shopping/results/?page_size=10&searchSource=GN_REFINEMENT&zc=85281&maximum_distance=all&list_price_min=13900&list_price_max=13994,13900,13994.0,5423.0,22.0,41
https://www.cars.com/shopping/results/?page_size=10&searchSource=GN_REFINEMENT&zc=85281&maximum_distance=all&list_price_min=13995&list_price_max=13998,13995,13998.0,4401.0,18.0,42
https://www.cars.com/shopping/results/?page_size=10&searchSource=GN_REFINEMENT&zc=85281&maximum_distance=all&list_price_min=13999&list_price_max=14449,13999,14449.0,5903.0,24.0,43
https://www.cars.com/shopping/results/?page_size=10&searchSource=GN_REFINEMENT&zc=85281&maximum_distance=all&list_price_min=14450&list_price_max=14724,14450,14724.0,5945.0,24.0,44
https://www.cars.com/shopping/results/?page_size=10&searchSource=GN_REFINEMENT&zc=85281&maximum_distance=all&list_price_min=14725&list_price_max=14974,14725,14974.0,5659.0,23.0,45
https://www.cars.com/shopping/results/?page_size=10&searchSource=GN_REFINEMENT&zc=85281&maximum_distance=all&list_price_min=14975&list_price_max=14994,14975,14994.0,3797.0,16.0,46
https://www.cars.com/shopping/results/?page_size=10&searchSource=GN_REFINEMENT&zc=85281&maximum_distance=all&list_price_min=14995&list_price_max=14998,14995,14998.0,5155.0,21.0,47
https://www.cars.com/shopping/results/?page_size=10&searchSource=GN_REFINEMENT&zc=85281&maximum_distance=all&list_price_min=14999&list_price_max=15299,14999,15299.0,5564.0,23.0,48
https://www.cars.com/shopping/results/?page_size=10&searchSource=GN_REFINEMENT&zc=85281&maximum_distance=all&list_price_min=15300&list_price_max=15574,15300,15574.0,5955.0,24.0,49
https://www.cars.com/shopping/results/?page_size=10&searchSource=GN_REFINEMENT&zc=85281&maximum_distance=all&list_price_min=15575&list_price_max=15749,15575,15749.0,5539.0,23.0,50
https://www.cars.com/shopping/results/?page_size=10&searchSource=GN_REFINEMENT&zc=85281&maximum_distance=all&list_price_min=15750&list_price_max=15799,15750,15799.0,,,51
https://www.cars.com/shopping/results/?page_size=10&searchSource=GN_REFINEMENT&zc=85281&maximum_distance=all&list_price_min=15800&list_price_max=15984,15800,15984.0,5582.0,23.0,52
https://www.cars.com/shopping/results/?page_size=10&searchSource=GN_REFINEMENT&zc=85281&maximum_distance=all&list_price_min=15985&list_price_max=15989,15985,15989.0,1070.0,5.0,53
https://www.cars.com/shopping/results/?page_size=10&searchSource=GN_REFINEMENT&zc=85281&maximum_distance=all&list_price_min=15990&list_price_max=15990,15990,15990.0,6539.0,27.0,54
https://www.cars.com/shopping/results/?page_size=10&searchSource=GN_REFINEMENT&zc=85281&maximum_distance=all&list_price_min=15991&list_price_max=15995,15991,15995.0,4527.0,19.0,55
https://www.cars.com/shopping/results/?page_size=10&searchSource=GN_REFINEMENT&zc=85281&maximum_distance=all&list_price_min=15996&list_price_max=16149,15996,16149.0,5707.0,23.0,56
https://www.cars.com/shopping/results/?page_size=10&searchSource=GN_REFINEMENT&zc=85281&maximum_distance=all&list_price_min=16150&list_price_max=16489,16150,16489.0,4781.0,20.0,57
https://www.cars.com/shopping/results/?page_size=10&searchSource=GN_REFINEMENT&zc=85281&maximum_distance=all&list_price_min=16490&list_price_max=16589,16490,16589.0,4493.0,18.0,58
https://www.cars.com/shopping/results/?page_size=10&searchSource=GN_REFINEMENT&zc=85281&maximum_distance=all&list_price_min=16590&list_price_max=16749,16590,16749.0,5631.0,23.0,59
https://www.cars.com/shopping/results/?page_size=10&searchSource=GN_REFINEMENT&zc=85281&maximum_distance=all&list_price_min=16750&list_price_max=16949,16750,16949.0,5895.0,24.0,60
https://www.cars.com/shopping/results/?page_size=10&searchSource=GN_REFINEMENT&zc=85281&maximum_distance=all&list_price_min=16950&list_price_max=16989,16950,16989.0,3324.0,14.0,61
https://www.cars.com/shopping/results/?page_size=10&searchSource=GN_REFINEMENT&zc=85281&maximum_distance=all&list_price_min=16990&list_price_max=16990,16990,16990.0,6743.0,27.0,62
https://www.cars.com/shopping/results/?page_size=10&searchSource=GN_REFINEMENT&zc=85281&maximum_distance=all&list_price_min=16991&list_price_max=16995,16991,16995.0,4942.0,20.0,63
https://www.cars.com/shopping/results/?page_size=10&searchSource=GN_REFINEMENT&zc=85281&maximum_distance=all&list_price_min=16996&list_price_max=16999,16996,16999.0,4551.0,19.0,64
https://www.cars.com/shopping/results/?page_size=10&searchSource=GN_REFINEMENT&zc=85281&maximum_distance=all&list_price_min=17000&list_price_max=17349,17000,17349.0,5229.0,21.0,65
https://www.cars.com/shopping/results/?page_size=10&searchSource=GN_REFINEMENT&zc=85281&maximum_distance=all&list_price_min=17350&list_price_max=17499,17350,17499.0,5249.0,21.0,66
https://www.cars.com/shopping/results/?page_size=10&searchSource=GN_REFINEMENT&zc=85281&maximum_distance=all&list_price_min=17500&list_price_max=17594,17500,17594.0,5730.0,23.0,67
https://www.cars.com/shopping/results/?page_size=10&searchSource=GN_REFINEMENT&zc=85281&maximum_distance=all&list_price_min=17595&list_price_max=17849,17595,17849.0,5525.0,23.0,68
https://www.cars.com/shopping/results/?page_size=10&searchSource=GN_REFINEMENT&zc=85281&maximum_distance=all&list_price_min=17850&list_price_max=17974,17850,17974.0,5360.0,22.0,69
https://www.cars.com/shopping/results/?page_size=10&searchSource=GN_REFINEMENT&zc=85281&maximum_distance=all&list_price_min=17975&list_price_max=17989,17975,17989.0,2436.0,10.0,70
https://www.cars.com/shopping/results/?page_size=10&searchSource=GN_REFINEMENT&zc=85281&maximum_distance=all&list_price_min=17990&list_price_max=17990,17990,17990.0,5498.0,22.0,71
https://www.cars.com/shopping/results/?page_size=10&searchSource=GN_REFINEMENT&zc=85281&maximum_distance=all&list_price_min=17991&list_price_max=17995,17991,17995.0,4952.0,20.0,72
https://www.cars.com/shopping/results/?page_size=10&searchSource=GN_REFINEMENT&zc=85281&maximum_distance=all&list_price_min=17996&list_price_max=17999,17996,17999.0,4735.0,19.0,73
https://www.cars.com/shopping/results/?page_size=10&searchSource=GN_REFINEMENT&zc=85281&maximum_distance=all&list_price_min=18000&list_price_max=18349,18000,18349.0,5993.0,24.0,74
https://www.cars.com/shopping/results/?page_size=10&searchSource=GN_REFINEMENT&zc=85281&maximum_distance=all&list_price_min=18350&list_price_max=18499,18350,18499.0,5526.0,23.0,75
https://www.cars.com/shopping/results/?page_size=10&searchSource=GN_REFINEMENT&zc=85281&maximum_distance=all&list_price_min=18500&list_price_max=18589,18500,18589.0,3009.0,13.0,76
https://www.cars.com/shopping/results/?page_size=10&searchSource=GN_REFINEMENT&zc=85281&maximum_distance=all&list_price_min=18590&list_price_max=18724,18590,18724.0,5974.0,24.0,77
https://www.cars.com/shopping/results/?page_size=10&searchSource=GN_REFINEMENT&zc=85281&maximum_distance=all&list_price_min=18725&list_price_max=18899,18725,18899.0,5492.0,22.0,78
https://www.cars.com/shopping/results/?page_size=10&searchSource=GN_REFINEMENT&zc=85281&maximum_distance=all&list_price_min=18900&list_price_max=18984,18900,18984.0,4878.0,20.0,79
https://www.cars.com/shopping/results/?page_size=10&searchSource=GN_REFINEMENT&zc=85281&maximum_distance=all&list_price_min=18985&list_price_max=18989,18985,18989.0,1458.0,6.0,80
https://www.cars.com/shopping/results/?page_size=10&searchSource=GN_REFINEMENT&zc=85281&maximum_distance=all&list_price_min=18990&list_price_max=18990,18990,18990.0,6128.0,25.0,81
https://www.cars.com/shopping/results/?page_size=10&searchSource=GN_REFINEMENT&zc=85281&maximum_distance=all&list_price_min=18991&list_price_max=18995,18991,18995.0,5192.0,21.0,82
https://www.cars.com/shopping/results/?page_size=10&searchSource=GN_REFINEMENT&zc=85281&maximum_distance=all&list_price_min=18996&list_price_max=18999,18996,18999.0,5152.0,21.0,83
https://www.cars.com/shopping/results/?page_size=10&searchSource=GN_REFINEMENT&zc=85281&maximum_distance=all&list_price_min=19000&list_price_max=19299,19000,19299.0,5649.0,23.0,84
https://www.cars.com/shopping/results/?page_size=10&searchSource=GN_REFINEMENT&zc=85281&maximum_distance=all&list_price_min=19300&list_price_max=19489,19300,19489.0,4267.0,18.0,85
https://www.cars.com/shopping/results/?page_size=10&searchSource=GN_REFINEMENT&zc=85281&maximum_distance=all&list_price_min=19490&list_price_max=19589,19490,19589.0,5614.0,23.0,86
https://www.cars.com/shopping/results/?page_size=10&searchSource=GN_REFINEMENT&zc=85281&maximum_distance=all&list_price_min=19590&list_price_max=19699,19590,19699.0,5730.0,23.0,87
https://www.cars.com/shopping/results/?page_size=10&searchSource=GN_REFINEMENT&zc=85281&maximum_distance=all&list_price_min=19700&list_price_max=19874,19700,19874.0,4573.0,19.0,88
https://www.cars.com/shopping/results/?page_size=10&searchSource=GN_REFINEMENT&zc=85281&maximum_distance=all&list_price_min=19875&list_price_max=19949,19875,19949.0,4722.0,19.0,89
https://www.cars.com/shopping/results/?page_size=10&searchSource=GN_REFINEMENT&zc=85281&maximum_distance=all&list_price_min=19950&list_price_max=19989,19950,19989.0,4855.0,20.0,90
https://www.cars.com/shopping/results/?page_size=10&searchSource=GN_REFINEMENT&zc=85281&maximum_distance=all&list_price_min=19990&list_price_max=19990,19990,19990.0,5662.0,23.0,91
https://www.cars.com/shopping/results/?page_size=10&searchSource=GN_REFINEMENT&zc=85281&maximum_distance=all&list_price_min=19991&list_price_max=19991,19991,19991.0,965.0,4.0,92
https://www.cars.com/shopping/results/?page_size=10&searchSource=GN_REFINEMENT&zc=85281&maximum_distance=all&list_price_min=19992&list_price_max=19993,19992,19993.0,,,93
https://www.cars.com/shopping/results/?page_size=10&searchSource=GN_REFINEMENT&zc=85281&maximum_distance=all&list_price_min=19994&list_price_max=19994,19994,19994.0,,,94
https://www.cars.com/shopping/results/?page_size=10&searchSource=GN_REFINEMENT&zc=85281&maximum_distance=all&list_price_min=19995&list_price_max=19995,19995,19995.0,,,95
https://www.cars.com/shopping/results/?page_size=10&searchSource=GN_REFINEMENT&zc=85281&maximum_distance=all&list_price_min=19996&list_price_max=19998,19996,19998.0,,,96
https://www.cars.com/shopping/results/?page_size=10&searchSource=GN_REFINEMENT&zc=85281&maximum_distance=all&list_price_min=19999&list_price_max=19999,19999,19999.0,,,97
https://www.cars.com/shopping/results/?page_size=10&searchSource=GN_REFINEMENT&zc=85281&maximum_distance=all&list_price_min=20000&list_price_max=20049,20000,20049.0,,,98
https://www.cars.com/shopping/results/?page_size=10&searchSource=GN_REFINEMENT&zc=85281&maximum_distance=all&list_price_min=20050&list_price_max=20099,20050,20099.0,,,99
https://www.cars.com/shopping/results/?page_size=10&searchSource=GN_REFINEMENT&zc=85281&maximum_distance=all&list_price_min=20100&list_price_max=20149,20100,20149.0,,,100
https://www.cars.com/shopping/results/?page_size=10&searchSource=GN_REFINEMENT&zc=85281&maximum_distance=all&list_price_min=20150&list_price_max=20199,20150,20199.0,,,101
https://www.cars.com/shopping/results/?page_size=10&searchSource=GN_REFINEMENT&zc=85281&maximum_distance=all&list_price_min=20200&list_price_max=20224,20200,20224.0,,,102
https://www.cars.com/shopping/results/?page_size=10&searchSource=GN_REFINEMENT&zc=85281&maximum_distance=all&list_price_min=20225&list_price_max=20249,20225,20249.0,,,103
https://www.cars.com/shopping/results/?page_size=10&searchSource=GN_REFINEMENT&zc=85281&maximum_distance=all&list_price_min=20250&list_price_max=20489,20250,20489.0,5056.0,21.0,104
https://www.cars.com/shopping/results/?page_size=10&searchSource=GN_REFINEMENT&zc=85281&maximum_distance=all&list_price_min=20490&list_price_max=20589,20490,20589.0,5394.0,22.0,105
https://www.cars.com/shopping/results/?page_size=10&searchSource=GN_REFINEMENT&zc=85281&maximum_distance=all&list_price_min=20590&list_price_max=20724,20590,20724.0,5972.0,24.0,106
https://www.cars.com/shopping/results/?page_size=10&searchSource=GN_REFINEMENT&zc=85281&maximum_distance=all&list_price_min=20725&list_price_max=20899,20725,20899.0,5498.0,22.0,107
https://www.cars.com/shopping/results/?page_size=10&searchSource=GN_REFINEMENT&zc=85281&maximum_distance=all&list_price_min=20900&list_price_max=20984,20900,20984.0,4929.0,20.0,108
https://www.cars.com/shopping/results/?page_size=10&searchSource=GN_REFINEMENT&zc=85281&maximum_distance=all&list_price_min=20985&list_price_max=20989,20985,20989.0,1466.0,6.0,109
https://www.cars.com/shopping/results/?page_size=10&searchSource=GN_REFINEMENT&zc=85281&maximum_distance=all&list_price_min=20990&list_price_max=20990,20990,20990.0,5548.0,23.0,110
https://www.cars.com/shopping/results/?page_size=10&searchSource=GN_REFINEMENT&zc=85281&maximum_distance=all&list_price_min=20991&list_price_max=20995,20991,20995.0,4343.0,18.0,111
https://www.cars.com/shopping/results/?page_size=10&searchSource=GN_REFINEMENT&zc=85281&maximum_distance=all&list_price_min=20996&list_price_max=20999,20996,20999.0,4625.0,19.0,112
https://www.cars.com/shopping/results/?page_size=10&searchSource=GN_REFINEMENT&zc=85281&maximum_distance=all&list_price_min=21000&list_price_max=21249,21000,21249.0,5777.0,24.0,113
https://www.cars.com/shopping/results/?page_size=10&searchSource=GN_REFINEMENT&zc=85281&maximum_distance=all&list_price_min=21250&list_price_max=21474,21250,21474.0,5750.0,24.0,114
https://www.cars.com/shopping/results/?page_size=10&searchSource=GN_REFINEMENT&zc=85281&maximum_distance=all&list_price_min=21475&list_price_max=21549,21475,21549.0,5659.0,23.0,115
https://www.cars.com/shopping/results/?page_size=10&searchSource=GN_REFINEMENT&zc=85281&maximum_distance=all&list_price_min=21550&list_price_max=21649,21550,21649.0,4662.0,19.0,116
https://www.cars.com/shopping/results/?page_size=10&searchSource=GN_REFINEMENT&zc=85281&maximum_distance=all&list_price_min=21650&list_price_max=21849,21650,21849.0,5834.0,24.0,117
https://www.cars.com/shopping/results/?page_size=10&searchSource=GN_REFINEMENT&zc=85281&maximum_distance=all&list_price_min=21850&list_price_max=21949,21850,21949.0,4997.0,20.0,118
https://www.cars.com/shopping/results/?page_size=10&searchSource=GN_REFINEMENT&zc=85281&maximum_distance=all&list_price_min=21950&list_price_max=21989,21950,21989.0,4282.0,18.0,119
https://www.cars.com/shopping/results/?page_size=10&searchSource=GN_REFINEMENT&zc=85281&maximum_distance=all&list_price_min=21990&list_price_max=21990,21990,21990.0,5765.0,24.0,120
https://www.cars.com/shopping/results/?page_size=10&searchSource=GN_REFINEMENT&zc=85281&maximum_distance=all&list_price_min=21991&list_price_max=21995,21991,21995.0,4961.0,20.0,121
https://www.cars.com/shopping/results/?page_size=10&searchSource=GN_REFINEMENT&zc=85281&maximum_distance=all&list_price_min=21996&list_price_max=21999,21996,21999.0,4701.0,19.0,122
https://www.cars.com/shopping/results/?page_size=10&searchSource=GN_REFINEMENT&zc=85281&maximum_distance=all&list_price_min=22000&list_price_max=22224,22000,22224.0,5860.0,24.0,123
https://www.cars.com/shopping/results/?page_size=10&searchSource=GN_REFINEMENT&zc=85281&maximum_distance=all&list_price_min=22225&list_price_max=22449,22225,22449.0,5864.0,24.0,124
https://www.cars.com/shopping/results/?page_size=10&searchSource=GN_REFINEMENT&zc=85281&maximum_distance=all&list_price_min=22450&list_price_max=22499,22450,22499.0,4021.0,17.0,125
https://www.cars.com/shopping/results/?page_size=10&searchSource=GN_REFINEMENT&zc=85281&maximum_distance=all&list_price_min=22500&list_price_max=22594,22500,22594.0,5898.0,24.0,126
https://www.cars.com/shopping/results/?page_size=10&searchSource=GN_REFINEMENT&zc=85281&maximum_distance=all&list_price_min=22595&list_price_max=22749,22595,22749.0,4727.0,19.0,127
https://www.cars.com/shopping/results/?page_size=10&searchSource=GN_REFINEMENT&zc=85281&maximum_distance=all&list_price_min=22750&list_price_max=22899,22750,22899.0,5704.0,23.0,128
https://www.cars.com/shopping/results/?page_size=10&searchSource=GN_REFINEMENT&zc=85281&maximum_distance=all&list_price_min=22900&list_price_max=22984,22900,22984.0,5577.0,23.0,129
https://www.cars.com/shopping/results/?page_size=10&searchSource=GN_REFINEMENT&zc=85281&maximum_distance=all&list_price_min=22985&list_price_max=22989,22985,22989.0,1707.0,7.0,130
https://www.cars.com/shopping/results/?page_size=10&searchSource=GN_REFINEMENT&zc=85281&maximum_distance=all&list_price_min=22990&list_price_max=22994,22990,22994.0,5905.0,24.0,131
https://www.cars.com/shopping/results/?page_size=10&searchSource=GN_REFINEMENT&zc=85281&maximum_distance=all&list_price_min=22995&list_price_max=22995,22995,22995.0,3618.0,15.0,132
https://www.cars.com/shopping/results/?page_size=10&searchSource=GN_REFINEMENT&zc=85281&maximum_distance=all&list_price_min=22996&list_price_max=22999,22996,22999.0,4856.0,20.0,133
https://www.cars.com/shopping/results/?page_size=10&searchSource=GN_REFINEMENT&zc=85281&maximum_distance=all&list_price_min=23000&list_price_max=23149,23000,23149.0,4025.0,17.0,134
https://www.cars.com/shopping/results/?page_size=10&searchSource=GN_REFINEMENT&zc=85281&maximum_distance=all&list_price_min=23150&list_price_max=23199,23150,23199.0,,,135
https://www.cars.com/shopping/results/?page_size=10&searchSource=GN_REFINEMENT&zc=85281&maximum_distance=all&list_price_min=23200&list_price_max=23449,23200,23449.0,5796.0,24.0,136
https://www.cars.com/shopping/results/?page_size=10&searchSource=GN_REFINEMENT&zc=85281&maximum_distance=all&list_price_min=23450&list_price_max=23499,23450,23499.0,4159.0,17.0,137
https://www.cars.com/shopping/results/?page_size=10&searchSource=GN_REFINEMENT&zc=85281&maximum_distance=all&list_price_min=23500&list_price_max=23589,23500,23589.0,3871.0,16.0,138
https://www.cars.com/shopping/results/?page_size=10&searchSource=GN_REFINEMENT&zc=85281&maximum_distance=all&list_price_min=23590&list_price_max=23724,23590,23724.0,5916.0,24.0,139
https://www.cars.com/shopping/results/?page_size=10&searchSource=GN_REFINEMENT&zc=85281&maximum_distance=all&list_price_min=23725&list_price_max=23874,23725,23874.0,4788.0,20.0,140
https://www.cars.com/shopping/results/?page_size=10&searchSource=GN_REFINEMENT&zc=85281&maximum_distance=all&list_price_min=23875&list_price_max=23949,23875,23949.0,5137.0,21.0,141
https://www.cars.com/shopping/results/?page_size=10&searchSource=GN_REFINEMENT&zc=85281&maximum_distance=all&list_price_min=23950&list_price_max=23989,23950,23989.0,4388.0,18.0,142
https://www.cars.com/shopping/results/?page_size=10&searchSource=GN_REFINEMENT&zc=85281&maximum_distance=all&list_price_min=23990&list_price_max=23993,23990,23993.0,5991.0,24.0,143
https://www.cars.com/shopping/results/?page_size=10&searchSource=GN_REFINEMENT&zc=85281&maximum_distance=all&list_price_min=23994&list_price_max=23995,23994,23995.0,4104.0,17.0,144
https://www.cars.com/shopping/results/?page_size=10&searchSource=GN_REFINEMENT&zc=85281&maximum_distance=all&list_price_min=23996&list_price_max=23999,23996,23999.0,4956.0,20.0,145
https://www.cars.com/shopping/results/?page_size=10&searchSource=GN_REFINEMENT&zc=85281&maximum_distance=all&list_price_min=24000&list_price_max=24224,24000,24224.0,5965.0,24.0,146
https://www.cars.com/shopping/results/?page_size=10&searchSource=GN_REFINEMENT&zc=85281&maximum_distance=all&list_price_min=24225&list_price_max=24399,24225,24399.0,5213.0,21.0,147
https://www.cars.com/shopping/results/?page_size=10&searchSource=GN_REFINEMENT&zc=85281&maximum_distance=all&list_price_min=24400&list_price_max=24499,24400,24499.0,5445.0,22.0,148
https://www.cars.com/shopping/results/?page_size=10&searchSource=GN_REFINEMENT&zc=85281&maximum_distance=all&list_price_min=24500&list_price_max=24594,24500,24594.0,5853.0,24.0,149
https://www.cars.com/shopping/results/?page_size=10&searchSource=GN_REFINEMENT&zc=85281&maximum_distance=all&list_price_min=24595&list_price_max=24749,24595,24749.0,4855.0,20.0,150
https://www.cars.com/shopping/results/?page_size=10&searchSource=GN_REFINEMENT&zc=85281&maximum_distance=all&list_price_min=24750&list_price_max=24874,24750,24874.0,4265.0,18.0,151
https://www.cars.com/shopping/results/?page_size=10&searchSource=GN_REFINEMENT&zc=85281&maximum_distance=all&list_price_min=24875&list_price_max=24949,24875,24949.0,4891.0,20.0,152
https://www.cars.com/shopping/results/?page_size=10&searchSource=GN_REFINEMENT&zc=85281&maximum_distance=all&list_price_min=24950&list_price_max=24989,24950,24989.0,4389.0,18.0,153
https://www.cars.com/shopping/results/?page_size=10&searchSource=GN_REFINEMENT&zc=85281&maximum_distance=all&list_price_min=24990&list_price_max=24990,24990,24990.0,5243.0,21.0,154
https://www.cars.com/shopping/results/?page_size=10&searchSource=GN_REFINEMENT&zc=85281&maximum_distance=all&list_price_min=24991&list_price_max=24995,24991,24995.0,5455.0,22.0,155
https://www.cars.com/shopping/results/?page_size=10&searchSource=GN_REFINEMENT&zc=85281&maximum_distance=all&list_price_min=24996&list_price_max=24999,24996,24999.0,5162.0,21.0,156
https://www.cars.com/shopping/results/?page_size=10&searchSource=GN_REFINEMENT&zc=85281&maximum_distance=all&list_price_min=25000&list_price_max=25149,25000,25149.0,5316.0,22.0,157
https://www.cars.com/shopping/results/?page_size=10&searchSource=GN_REFINEMENT&zc=85281&maximum_distance=all&list_price_min=25150&list_price_max=25349,25150,25349.0,5212.0,21.0,158
https://www.cars.com/shopping/results/?page_size=10&searchSource=GN_REFINEMENT&zc=85281&maximum_distance=all&list_price_min=25350&list_price_max=25489,25350,25489.0,4876.0,20.0,159
https://www.cars.com/shopping/results/?page_size=10&searchSource=GN_REFINEMENT&zc=85281&maximum_distance=all&list_price_min=25490&list_price_max=25574,25490,25574.0,5997.0,24.0,160
https://www.cars.com/shopping/results/?page_size=10&searchSource=GN_REFINEMENT&zc=85281&maximum_distance=all&list_price_min=25575&list_price_max=25649,25575,25649.0,4507.0,19.0,161
https://www.cars.com/shopping/results/?page_size=10&searchSource=GN_REFINEMENT&zc=85281&maximum_distance=all&list_price_min=25650&list_price_max=25749,25650,25749.0,3959.0,16.0,162
https://www.cars.com/shopping/results/?page_size=10&searchSource=GN_REFINEMENT&zc=85281&maximum_distance=all&list_price_min=25750&list_price_max=25874,25750,25874.0,5194.0,21.0,163
https://www.cars.com/shopping/results/?page_size=10&searchSource=GN_REFINEMENT&zc=85281&maximum_distance=all&list_price_min=25875&list_price_max=25949,25875,25949.0,4611.0,19.0,164
https://www.cars.com/shopping/results/?page_size=10&searchSource=GN_REFINEMENT&zc=85281&maximum_distance=all&list_price_min=25950&list_price_max=25989,25950,25989.0,4217.0,17.0,165
https://www.cars.com/shopping/results/?page_size=10&searchSource=GN_REFINEMENT&zc=85281&maximum_distance=all&list_price_min=25990&list_price_max=25994,25990,25994.0,5405.0,22.0,166
https://www.cars.com/shopping/results/?page_size=10&searchSource=GN_REFINEMENT&zc=85281&maximum_distance=all&list_price_min=25995&list_price_max=25998,25995,25998.0,5457.0,22.0,167
https://www.cars.com/shopping/results/?page_size=10&searchSource=GN_REFINEMENT&zc=85281&maximum_distance=all&list_price_min=25999&list_price_max=26099,25999,26099.0,5937.0,24.0,168
https://www.cars.com/shopping/results/?page_size=10&searchSource=GN_REFINEMENT&zc=85281&maximum_distance=all&list_price_min=26100&list_price_max=26299,26100,26299.0,5451.0,22.0,169
https://www.cars.com/shopping/results/?page_size=10&searchSource=GN_REFINEMENT&zc=85281&maximum_distance=all&list_price_min=26300&list_price_max=26489,26300,26489.0,5665.0,23.0,170
https://www.cars.com/shopping/results/?page_size=10&searchSource=GN_REFINEMENT&zc=85281&maximum_distance=all&list_price_min=26490&list_price_max=26589,26490,26589.0,5982.0,24.0,171
https://www.cars.com/shopping/results/?page_size=10&searchSource=GN_REFINEMENT&zc=85281&maximum_distance=all&list_price_min=26590&list_price_max=26724,26590,26724.0,5969.0,24.0,172
https://www.cars.com/shopping/results/?page_size=10&searchSource=GN_REFINEMENT&zc=85281&maximum_distance=all&list_price_min=26725&list_price_max=26874,26725,26874.0,4980.0,20.0,173
https://www.cars.com/shopping/results/?page_size=10&searchSource=GN_REFINEMENT&zc=85281&maximum_distance=all&list_price_min=26875&list_price_max=26974,26875,26974.0,5945.0,24.0,174
https://www.cars.com/shopping/results/?page_size=10&searchSource=GN_REFINEMENT&zc=85281&maximum_distance=all&list_price_min=26975&list_price_max=26989,26975,26989.0,2766.0,12.0,175
https://www.cars.com/shopping/results/?page_size=10&searchSource=GN_REFINEMENT&zc=85281&maximum_distance=all&list_price_min=26990&list_price_max=26994,26990,26994.0,5405.0,22.0,176
https://www.cars.com/shopping/results/?page_size=10&searchSource=GN_REFINEMENT&zc=85281&maximum_distance=all&list_price_min=26995&list_price_max=26998,26995,26998.0,5492.0,22.0,177
https://www.cars.com/shopping/results/?page_size=10&searchSource=GN_REFINEMENT&zc=85281&maximum_distance=all&list_price_min=26999&list_price_max=27099,26999,27099.0,5749.0,23.0,178
https://www.cars.com/shopping/results/?page_size=10&searchSource=GN_REFINEMENT&zc=85281&maximum_distance=all&list_price_min=27100&list_price_max=27299,27100,27299.0,4869.0,20.0,179
https://www.cars.com/shopping/results/?page_size=10&searchSource=GN_REFINEMENT&zc=85281&maximum_distance=all&list_price_min=27300&list_price_max=27489,27300,27489.0,5589.0,23.0,180
https://www.cars.com/shopping/results/?page_size=10&searchSource=GN_REFINEMENT&zc=85281&maximum_distance=all&list_price_min=27490&list_price_max=27499,27490,27499.0,2782.0,12.0,181
https://www.cars.com/shopping/results/?page_size=10&searchSource=GN_REFINEMENT&zc=85281&maximum_distance=all&list_price_min=27500&list_price_max=27549,27500,27549.0,,,182
https://www.cars.com/shopping/results/?page_size=10&searchSource=GN_REFINEMENT&zc=85281&maximum_distance=all&list_price_min=27550&list_price_max=27574,27550,27574.0,,,183
https://www.cars.com/shopping/results/?page_size=10&searchSource=GN_REFINEMENT&zc=85281&maximum_distance=all&list_price_min=27575&list_price_max=27589,27575,27589.0,,,184
https://www.cars.com/shopping/results/?page_size=10&searchSource=GN_REFINEMENT&zc=85281&maximum_distance=all&list_price_min=27590&list_price_max=27594,27590,27594.0,,,185
https://www.cars.com/shopping/results/?page_size=10&searchSource=GN_REFINEMENT&zc=85281&maximum_distance=all&list_price_min=27595&list_price_max=27599,27595,27599.0,,,186
https://www.cars.com/shopping/results/?page_size=10&searchSource=GN_REFINEMENT&zc=85281&maximum_distance=all&list_price_min=27600&list_price_max=27649,27600,27649.0,,,187
https://www.cars.com/shopping/results/?page_size=10&searchSource=GN_REFINEMENT&zc=85281&maximum_distance=all&list_price_min=27650&list_price_max=27699,27650,27699.0,,,188
https://www.cars.com/shopping/results/?page_size=10&searchSource=GN_REFINEMENT&zc=85281&maximum_distance=all&list_price_min=27700&list_price_max=27724,27700,27724.0,,,189
https://www.cars.com/shopping/results/?page_size=10&searchSource=GN_REFINEMENT&zc=85281&maximum_distance=all&list_price_min=27725&list_price_max=27739,27725,27739.0,,,190
https://www.cars.com/shopping/results/?page_size=10&searchSource=GN_REFINEMENT&zc=85281&maximum_distance=all&list_price_min=27740&list_price_max=27749,27740,27749.0,,,191
https://www.cars.com/shopping/results/?page_size=10&searchSource=GN_REFINEMENT&zc=85281&maximum_distance=all&list_price_min=27750&list_price_max=27799,27750,27799.0,,,192
https://www.cars.com/shopping/results/?page_size=10&searchSource=GN_REFINEMENT&zc=85281&maximum_distance=all&list_price_min=27800&list_price_max=27899,27800,27899.0,3920.0,16.0,193
https://www.cars.com/shopping/results/?page_size=10&searchSource=GN_REFINEMENT&zc=85281&maximum_distance=all&list_price_min=27900&list_price_max=27984,27900,27984.0,5107.0,21.0,194
https://www.cars.com/shopping/results/?page_size=10&searchSource=GN_REFINEMENT&zc=85281&maximum_distance=all&list_price_min=27985&list_price_max=27990,27985,27990.0,5440.0,22.0,195
https://www.cars.com/shopping/results/?page_size=10&searchSource=GN_REFINEMENT&zc=85281&maximum_distance=all&list_price_min=27991&list_price_max=27995,27991,27995.0,4238.0,17.0,196
https://www.cars.com/shopping/results/?page_size=10&searchSource=GN_REFINEMENT&zc=85281&maximum_distance=all&list_price_min=27996&list_price_max=27999,27996,27999.0,4486.0,18.0,197
https://www.cars.com/shopping/results/?page_size=10&searchSource=GN_REFINEMENT&zc=85281&maximum_distance=all&list_price_min=28000&list_price_max=28199,28000,28199.0,5542.0,23.0,198
https://www.cars.com/shopping/results/?page_size=10&searchSource=GN_REFINEMENT&zc=85281&maximum_distance=all&list_price_min=28200&list_price_max=28399,28200,28399.0,5342.0,22.0,199
https://www.cars.com/shopping/results/?page_size=10&searchSource=GN_REFINEMENT&zc=85281&maximum_distance=all&list_price_min=28400&list_price_max=28499,28400,28499.0,5508.0,23.0,200
https://www.cars.com/shopping/results/?page_size=10&searchSource=GN_REFINEMENT&zc=85281&maximum_distance=all&list_price_min=28500&list_price_max=28599,28500,28599.0,5747.0,23.0,201
https://www.cars.com/shopping/results/?page_size=10&searchSource=GN_REFINEMENT&zc=85281&maximum_distance=all&list_price_min=28600&list_price_max=28749,28600,28749.0,4260.0,18.0,202
https://www.cars.com/shopping/results/?page_size=10&searchSource=GN_REFINEMENT&zc=85281&maximum_distance=all&list_price_min=28750&list_price_max=28874,28750,28874.0,4623.0,19.0,203
https://www.cars.com/shopping/results/?page_size=10&searchSource=GN_REFINEMENT&zc=85281&maximum_distance=all&list_price_min=28875&list_price_max=28974,28875,28974.0,5888.0,24.0,204
https://www.cars.com/shopping/results/?page_size=10&searchSource=GN_REFINEMENT&zc=85281&maximum_distance=all&list_price_min=28975&list_price_max=28989,28975,28989.0,2361.0,10.0,205
https://www.cars.com/shopping/results/?page_size=10&searchSource=GN_REFINEMENT&zc=85281&maximum_distance=all&list_price_min=28990&list_price_max=28994,28990,28994.0,4926.0,20.0,206
https://www.cars.com/shopping/results/?page_size=10&searchSource=GN_REFINEMENT&zc=85281&maximum_distance=all&list_price_min=28995&list_price_max=28998,28995,28998.0,5125.0,21.0,207
https://www.cars.com/shopping/results/?page_size=10&searchSource=GN_REFINEMENT&zc=85281&maximum_distance=all&list_price_min=28999&list_price_max=29049,28999,29049.0,5042.0,21.0,208
https://www.cars.com/shopping/results/?page_size=10&searchSource=GN_REFINEMENT&zc=85281&maximum_distance=all&list_price_min=29050&list_price_max=29249,29050,29249.0,4651.0,19.0,209
https://www.cars.com/shopping/results/?page_size=10&searchSource=GN_REFINEMENT&zc=85281&maximum_distance=all&list_price_min=29250&list_price_max=29399,29250,29399.0,4570.0,19.0,210
https://www.cars.com/shopping/results/?page_size=10&searchSource=GN_REFINEMENT&zc=85281&maximum_distance=all&list_price_min=29400&list_price_max=29499,29400,29499.0,5906.0,24.0,211
https://www.cars.com/shopping/results/?page_size=10&searchSource=GN_REFINEMENT&zc=85281&maximum_distance=all&list_price_min=29500&list_price_max=29599,29500,29599.0,5659.0,23.0,212
https://www.cars.com/shopping/results/?page_size=10&searchSource=GN_REFINEMENT&zc=85281&maximum_distance=all&list_price_min=29600&list_price_max=29749,29600,29749.0,4992.0,20.0,213
https://www.cars.com/shopping/results/?page_size=10&searchSource=GN_REFINEMENT&zc=85281&maximum_distance=all&list_price_min=29750&list_price_max=29874,29750,29874.0,4491.0,18.0,214
https://www.cars.com/shopping/results/?page_size=10&searchSource=GN_REFINEMENT&zc=85281&maximum_distance=all&list_price_min=29875&list_price_max=29949,29875,29949.0,5288.0,22.0,215
https://www.cars.com/shopping/results/?page_size=10&searchSource=GN_REFINEMENT&zc=85281&maximum_distance=all&list_price_min=29950&list_price_max=29989,29950,29989.0,4461.0,18.0,216
https://www.cars.com/shopping/results/?page_size=10&searchSource=GN_REFINEMENT&zc=85281&maximum_distance=all&list_price_min=29990&list_price_max=29994,29990,29994.0,5710.0,23.0,217
https://www.cars.com/shopping/results/?page_size=10&searchSource=GN_REFINEMENT&zc=85281&maximum_distance=all&list_price_min=29995&list_price_max=29995,29995,29995.0,3713.0,15.0,218
https://www.cars.com/shopping/results/?page_size=10&searchSource=GN_REFINEMENT&zc=85281&maximum_distance=all&list_price_min=29996&list_price_max=29999,29996,29999.0,5026.0,21.0,219
https://www.cars.com/shopping/results/?page_size=10&searchSource=GN_REFINEMENT&zc=85281&maximum_distance=all&list_price_min=30000&list_price_max=30199,30000,30199.0,5710.0,23.0,220
https://www.cars.com/shopping/results/?page_size=10&searchSource=GN_REFINEMENT&zc=85281&maximum_distance=all&list_price_min=30200&list_price_max=30399,30200,30399.0,5359.0,22.0,221
https://www.cars.com/shopping/results/?page_size=10&searchSource=GN_REFINEMENT&zc=85281&maximum_distance=all&list_price_min=30400&list_price_max=30499,30400,30499.0,4848.0,20.0,222
https://www.cars.com/shopping/results/?page_size=10&searchSource=GN_REFINEMENT&zc=85281&maximum_distance=all&list_price_min=30500&list_price_max=30594,30500,30594.0,5784.0,24.0,223
https://www.cars.com/shopping/results/?page_size=10&searchSource=GN_REFINEMENT&zc=85281&maximum_distance=all&list_price_min=30595&list_price_max=30649,30595,30649.0,1615.0,7.0,224
https://www.cars.com/shopping/results/?page_size=10&searchSource=GN_REFINEMENT&zc=85281&maximum_distance=all&list_price_min=30650&list_price_max=30699,30650,30699.0,,,225
https://www.cars.com/shopping/results/?page_size=10&searchSource=GN_REFINEMENT&zc=85281&maximum_distance=all&list_price_min=30700&list_price_max=30874,30700,30874.0,5888.0,24.0,226
https://www.cars.com/shopping/results/?page_size=10&searchSource=GN_REFINEMENT&zc=85281&maximum_distance=all&list_price_min=30875&list_price_max=30984,30875,30984.0,5665.0,23.0,227
https://www.cars.com/shopping/results/?page_size=10&searchSource=GN_REFINEMENT&zc=85281&maximum_distance=all&list_price_min=30985&list_price_max=30994,30985,30994.0,5296.0,22.0,228
https://www.cars.com/shopping/results/?page_size=10&searchSource=GN_REFINEMENT&zc=85281&maximum_distance=all&list_price_min=30995&list_price_max=30999,30995,30999.0,5607.0,23.0,229
https://www.cars.com/shopping/results/?page_size=10&searchSource=GN_REFINEMENT&zc=85281&maximum_distance=all&list_price_min=31000&list_price_max=31224,31000,31224.0,5945.0,24.0,230
https://www.cars.com/shopping/results/?page_size=10&searchSource=GN_REFINEMENT&zc=85281&maximum_distance=all&list_price_min=31225&list_price_max=31474,31225,31474.0,5917.0,24.0,231
https://www.cars.com/shopping/results/?page_size=10&searchSource=GN_REFINEMENT&zc=85281&maximum_distance=all&list_price_min=31475&list_price_max=31574,31475,31574.0,5742.0,23.0,232
https://www.cars.com/shopping/results/?page_size=10&searchSource=GN_REFINEMENT&zc=85281&maximum_distance=all&list_price_min=31575&list_price_max=31724,31575,31724.0,5663.0,23.0,233
https://www.cars.com/shopping/results/?page_size=10&searchSource=GN_REFINEMENT&zc=85281&maximum_distance=all&list_price_min=31725&list_price_max=31899,31725,31899.0,5902.0,24.0,234
https://www.cars.com/shopping/results/?page_size=10&searchSource=GN_REFINEMENT&zc=85281&maximum_distance=all&list_price_min=31900&list_price_max=31989,31900,31989.0,5633.0,23.0,235
https://www.cars.com/shopping/results/?page_size=10&searchSource=GN_REFINEMENT&zc=85281&maximum_distance=all&list_price_min=31990&list_price_max=31994,31990,31994.0,4297.0,18.0,236
https://www.cars.com/shopping/results/?page_size=10&searchSource=GN_REFINEMENT&zc=85281&maximum_distance=all&list_price_min=31995&list_price_max=31998,31995,31998.0,4259.0,18.0,237
https://www.cars.com/shopping/results/?page_size=10&searchSource=GN_REFINEMENT&zc=85281&maximum_distance=all&list_price_min=31999&list_price_max=32049,31999,32049.0,5064.0,21.0,238
https://www.cars.com/shopping/results/?page_size=10&searchSource=GN_REFINEMENT&zc=85281&maximum_distance=all&list_price_min=32050&list_price_max=32299,32050,32299.0,5078.0,21.0,239
https://www.cars.com/shopping/results/?page_size=10&searchSource=GN_REFINEMENT&zc=85281&maximum_distance=all&list_price_min=32300&list_price_max=32489,32300,32489.0,4625.0,19.0,240
https://www.cars.com/shopping/results/?page_size=10&searchSource=GN_REFINEMENT&zc=85281&maximum_distance=all&list_price_min=32490&list_price_max=32589,32490,32589.0,5171.0,21.0,241
https://www.cars.com/shopping/results/?page_size=10&searchSource=GN_REFINEMENT&zc=85281&maximum_distance=all&list_price_min=32590&list_price_max=32724,32590,32724.0,5754.0,24.0,242
https://www.cars.com/shopping/results/?page_size=10&searchSource=GN_REFINEMENT&zc=85281&maximum_distance=all&list_price_min=32725&list_price_max=32899,32725,32899.0,5219.0,21.0,243
https://www.cars.com/shopping/results/?page_size=10&searchSource=GN_REFINEMENT&zc=85281&maximum_distance=all&list_price_min=32900&list_price_max=32989,32900,32989.0,5546.0,23.0,244
https://www.cars.com/shopping/results/?page_size=10&searchSource=GN_REFINEMENT&zc=85281&maximum_distance=all&list_price_min=32990&list_price_max=32994,32990,32994.0,3974.0,16.0,245
https://www.cars.com/shopping/results/?page_size=10&searchSource=GN_REFINEMENT&zc=85281&maximum_distance=all&list_price_min=32995&list_price_max=32998,32995,32998.0,4065.0,17.0,246
https://www.cars.com/shopping/results/?page_size=10&searchSource=GN_REFINEMENT&zc=85281&maximum_distance=all&list_price_min=32999&list_price_max=33099,32999,33099.0,5712.0,23.0,247
https://www.cars.com/shopping/results/?page_size=10&searchSource=GN_REFINEMENT&zc=85281&maximum_distance=all&list_price_min=33100&list_price_max=33349,33100,33349.0,5569.0,23.0,248
https://www.cars.com/shopping/results/?page_size=10&searchSource=GN_REFINEMENT&zc=85281&maximum_distance=all&list_price_min=33350&list_price_max=33489,33350,33489.0,3988.0,16.0,249
https://www.cars.com/shopping/results/?page_size=10&searchSource=GN_REFINEMENT&zc=85281&maximum_distance=all&list_price_min=33490&list_price_max=33589,33490,33589.0,5894.0,24.0,250
https://www.cars.com/shopping/results/?page_size=10&searchSource=GN_REFINEMENT&zc=85281&maximum_distance=all&list_price_min=33590&list_price_max=33749,33590,33749.0,5479.0,22.0,251
https://www.cars.com/shopping/results/?page_size=10&searchSource=GN_REFINEMENT&zc=85281&maximum_distance=all&list_price_min=33750&list_price_max=33899,33750,33899.0,4899.0,20.0,252
https://www.cars.com/shopping/results/?page_size=10&searchSource=GN_REFINEMENT&zc=85281&maximum_distance=all&list_price_min=33900&list_price_max=33989,33900,33989.0,5343.0,22.0,253
https://www.cars.com/shopping/results/?page_size=10&searchSource=GN_REFINEMENT&zc=85281&maximum_distance=all&list_price_min=33990&list_price_max=33994,33990,33994.0,4201.0,17.0,254
https://www.cars.com/shopping/results/?page_size=10&searchSource=GN_REFINEMENT&zc=85281&maximum_distance=all&list_price_min=33995&list_price_max=33998,33995,33998.0,3920.0,16.0,255
https://www.cars.com/shopping/results/?page_size=10&searchSource=GN_REFINEMENT&zc=85281&maximum_distance=all&list_price_min=33999&list_price_max=34149,33999,34149.0,5819.0,24.0,256
https://www.cars.com/shopping/results/?page_size=10&searchSource=GN_REFINEMENT&zc=85281&maximum_distance=all&list_price_min=34150&list_price_max=34399,34150,34399.0,5401.0,22.0,257
https://www.cars.com/shopping/results/?page_size=10&searchSource=GN_REFINEMENT&zc=85281&maximum_distance=all&list_price_min=34400&list_price_max=34499,34400,34499.0,4491.0,18.0,258
https://www.cars.com/shopping/results/?page_size=10&searchSource=GN_REFINEMENT&zc=85281&maximum_distance=all&list_price_min=34500&list_price_max=34649,34500,34649.0,5618.0,23.0,259
https://www.cars.com/shopping/results/?page_size=10&searchSource=GN_REFINEMENT&zc=85281&maximum_distance=all&list_price_min=34650&list_price_max=34849,34650,34849.0,5159.0,21.0,260
https://www.cars.com/shopping/results/?page_size=10&searchSource=GN_REFINEMENT&zc=85281&maximum_distance=all&list_price_min=34850&list_price_max=34874,34850,34874.0,,,261
https://www.cars.com/shopping/results/?page_size=10&searchSource=GN_REFINEMENT&zc=85281&maximum_distance=all&list_price_min=34875&list_price_max=34899,34875,34899.0,,,262
https://www.cars.com/shopping/results/?page_size=10&searchSource=GN_REFINEMENT&zc=85281&maximum_distance=all&list_price_min=34900&list_price_max=34939,34900,34939.0,,,263
https://www.cars.com/shopping/results/?page_size=10&searchSource=GN_REFINEMENT&zc=85281&maximum_distance=all&list_price_min=34940&list_price_max=34949,34940,34949.0,,,264
https://www.cars.com/shopping/results/?page_size=10&searchSource=GN_REFINEMENT&zc=85281&maximum_distance=all&list_price_min=34950&list_price_max=34974,34950,34974.0,,,265
https://www.cars.com/shopping/results/?page_size=10&searchSource=GN_REFINEMENT&zc=85281&maximum_distance=all&list_price_min=34975&list_price_max=34984,34975,34984.0,,,266
https://www.cars.com/shopping/results/?page_size=10&searchSource=GN_REFINEMENT&zc=85281&maximum_distance=all&list_price_min=34985&list_price_max=34989,34985,34989.0,,,267
https://www.cars.com/shopping/results/?page_size=10&searchSource=GN_REFINEMENT&zc=85281&maximum_distance=all&list_price_min=34990&list_price_max=34990,34990,34990.0,,,268
https://www.cars.com/shopping/results/?page_size=10&searchSource=GN_REFINEMENT&zc=85281&maximum_distance=all&list_price_min=34991&list_price_max=34991,34991,34991.0,,,269
https://www.cars.com/shopping/results/?page_size=10&searchSource=GN_REFINEMENT&zc=85281&maximum_distance=all&list_price_min=34992&list_price_max=34993,34992,34993.0,,,270
https://www.cars.com/shopping/results/?page_size=10&searchSource=GN_REFINEMENT&zc=85281&maximum_distance=all&list_price_min=34994&list_price_max=34994,34994,34994.0,,,271
https://www.cars.com/shopping/results/?page_size=10&searchSource=GN_REFINEMENT&zc=85281&maximum_distance=all&list_price_min=34995&list_price_max=34995,34995,34995.0,,,272
https://www.cars.com/shopping/results/?page_size=10&searchSource=GN_REFINEMENT&zc=85281&maximum_distance=all&list_price_min=34996&list_price_max=34999,34996,34999.0,4431.0,18.0,273
https://www.cars.com/shopping/results/?page_size=10&searchSource=GN_REFINEMENT&zc=85281&maximum_distance=all&list_price_min=35000&list_price_max=35249,35000,35249.0,5629.0,23.0,274
https://www.cars.com/shopping/results/?page_size=10&searchSource=GN_REFINEMENT&zc=85281&maximum_distance=all&list_price_min=35250&list_price_max=35489,35250,35489.0,5621.0,23.0,275
https://www.cars.com/shopping/results/?page_size=10&searchSource=GN_REFINEMENT&zc=85281&maximum_distance=all&list_price_min=35490&list_price_max=35589,35490,35589.0,4695.0,19.0,276
https://www.cars.com/shopping/results/?page_size=10&searchSource=GN_REFINEMENT&zc=85281&maximum_distance=all&list_price_min=35590&list_price_max=35749,35590,35749.0,5265.0,22.0,277
https://www.cars.com/shopping/results/?page_size=10&searchSource=GN_REFINEMENT&zc=85281&maximum_distance=all&list_price_min=35750&list_price_max=35939,35750,35939.0,5842.0,24.0,278
https://www.cars.com/shopping/results/?page_size=10&searchSource=GN_REFINEMENT&zc=85281&maximum_distance=all&list_price_min=35940&list_price_max=35989,35940,35989.0,3350.0,14.0,279
https://www.cars.com/shopping/results/?page_size=10&searchSource=GN_REFINEMENT&zc=85281&maximum_distance=all&list_price_min=35990&list_price_max=35995,35990,35995.0,5964.0,24.0,280
https://www.cars.com/shopping/results/?page_size=10&searchSource=GN_REFINEMENT&zc=85281&maximum_distance=all&list_price_min=35996&list_price_max=35999,35996,35999.0,4370.0,18.0,281
https://www.cars.com/shopping/results/?page_size=10&searchSource=GN_REFINEMENT&zc=85281&maximum_distance=all&list_price_min=36000&list_price_max=36299,36000,36299.0,5874.0,24.0,282
https://www.cars.com/shopping/results/?page_size=10&searchSource=GN_REFINEMENT&zc=85281&maximum_distance=all&list_price_min=36300&list_price_max=36489,36300,36489.0,3887.0,16.0,283
https://www.cars.com/shopping/results/?page_size=10&searchSource=GN_REFINEMENT&zc=85281&maximum_distance=all&list_price_min=36490&list_price_max=36589,36490,36589.0,5702.0,23.0,284
https://www.cars.com/shopping/results/?page_size=10&searchSource=GN_REFINEMENT&zc=85281&maximum_distance=all&list_price_min=36590&list_price_max=36749,36590,36749.0,4764.0,20.0,285
https://www.cars.com/shopping/results/?page_size=10&searchSource=GN_REFINEMENT&zc=85281&maximum_distance=all&list_price_min=36750&list_price_max=36939,36750,36939.0,5933.0,24.0,286
https://www.cars.com/shopping/results/?page_size=10&searchSource=GN_REFINEMENT&zc=85281&maximum_distance=all&list_price_min=36940&list_price_max=36989,36940,36989.0,3271.0,14.0,287
https://www.cars.com/shopping/results/?page_size=10&searchSource=GN_REFINEMENT&zc=85281&maximum_distance=all&list_price_min=36990&list_price_max=36995,36990,36995.0,5945.0,24.0,288
https://www.cars.com/shopping/results/?page_size=10&searchSource=GN_REFINEMENT&zc=85281&maximum_distance=all&list_price_min=36996&list_price_max=37049,36996,37049.0,5847.0,24.0,289
https://www.cars.com/shopping/results/?page_size=10&searchSource=GN_REFINEMENT&zc=85281&maximum_distance=all&list_price_min=37050&list_price_max=37399,37050,37399.0,5896.0,24.0,290
https://www.cars.com/shopping/results/?page_size=10&searchSource=GN_REFINEMENT&zc=85281&maximum_distance=all&list_price_min=37400&list_price_max=37499,37400,37499.0,4992.0,20.0,291
https://www.cars.com/shopping/results/?page_size=10&searchSource=GN_REFINEMENT&zc=85281&maximum_distance=all&list_price_min=37500&list_price_max=37649,37500,37649.0,5586.0,23.0,292
https://www.cars.com/shopping/results/?page_size=10&searchSource=GN_REFINEMENT&zc=85281&maximum_distance=all&list_price_min=37650&list_price_max=37874,37650,37874.0,5113.0,21.0,293
https://www.cars.com/shopping/results/?page_size=10&searchSource=GN_REFINEMENT&zc=85281&maximum_distance=all&list_price_min=37875&list_price_max=37984,37875,37984.0,4901.0,20.0,294
https://www.cars.com/shopping/results/?page_size=10&searchSource=GN_REFINEMENT&zc=85281&maximum_distance=all&list_price_min=37985&list_price_max=37994,37985,37994.0,4977.0,20.0,295
https://www.cars.com/shopping/results/?page_size=10&searchSource=GN_REFINEMENT&zc=85281&maximum_distance=all&list_price_min=37995&list_price_max=37998,37995,37998.0,3423.0,14.0,296
https://www.cars.com/shopping/results/?page_size=10&searchSource=GN_REFINEMENT&zc=85281&maximum_distance=all&list_price_min=37999&list_price_max=37999,37999,37999.0,3041.0,13.0,297
https://www.cars.com/shopping/results/?page_size=10&searchSource=GN_REFINEMENT&zc=85281&maximum_distance=all&list_price_min=38000&list_price_max=38049,38000,38049.0,,,298
https://www.cars.com/shopping/results/?page_size=10&searchSource=GN_REFINEMENT&zc=85281&maximum_distance=all&list_price_min=38050&list_price_max=38399,38050,38399.0,5775.0,24.0,299
https://www.cars.com/shopping/results/?page_size=10&searchSource=GN_REFINEMENT&zc=85281&maximum_distance=all&list_price_min=38400&list_price_max=38549,38400,38549.0,5883.0,24.0,300
https://www.cars.com/shopping/results/?page_size=10&searchSource=GN_REFINEMENT&zc=85281&maximum_distance=all&list_price_min=38550&list_price_max=38749,38550,38749.0,5097.0,21.0,301
https://www.cars.com/shopping/results/?page_size=10&searchSource=GN_REFINEMENT&zc=85281&maximum_distance=all&list_price_min=38750&list_price_max=38939,38750,38939.0,5800.0,24.0,302
https://www.cars.com/shopping/results/?page_size=10&searchSource=GN_REFINEMENT&zc=85281&maximum_distance=all&list_price_min=38940&list_price_max=38990,38940,38990.0,5743.0,23.0,303
https://www.cars.com/shopping/results/?page_size=10&searchSource=GN_REFINEMENT&zc=85281&maximum_distance=all&list_price_min=38991&list_price_max=38998,38991,38998.0,4278.0,18.0,304
https://www.cars.com/shopping/results/?page_size=10&searchSource=GN_REFINEMENT&zc=85281&maximum_distance=all&list_price_min=38999&list_price_max=39149,38999,39149.0,5572.0,23.0,305
https://www.cars.com/shopping/results/?page_size=10&searchSource=GN_REFINEMENT&zc=85281&maximum_distance=all&list_price_min=39150&list_price_max=39474,39150,39474.0,5782.0,24.0,306
https://www.cars.com/shopping/results/?page_size=10&searchSource=GN_REFINEMENT&zc=85281&maximum_distance=all&list_price_min=39475&list_price_max=39589,39475,39589.0,5958.0,24.0,307
https://www.cars.com/shopping/results/?page_size=10&searchSource=GN_REFINEMENT&zc=85281&maximum_distance=all&list_price_min=39590&list_price_max=39749,39590,39749.0,4563.0,19.0,308
https://www.cars.com/shopping/results/?page_size=10&searchSource=GN_REFINEMENT&zc=85281&maximum_distance=all&list_price_min=39750&list_price_max=39899,39750,39899.0,5103.0,21.0,309
https://www.cars.com/shopping/results/?page_size=10&searchSource=GN_REFINEMENT&zc=85281&maximum_distance=all&list_price_min=39900&list_price_max=39984,39900,39984.0,4768.0,20.0,310
https://www.cars.com/shopping/results/?page_size=10&searchSource=GN_REFINEMENT&zc=85281&maximum_distance=all&list_price_min=39985&list_price_max=39994,39985,39994.0,5490.0,22.0,311
https://www.cars.com/shopping/results/?page_size=10&searchSource=GN_REFINEMENT&zc=85281&maximum_distance=all&list_price_min=39995&list_price_max=39998,39995,39998.0,4418.0,18.0,312
https://www.cars.com/shopping/results/?page_size=10&searchSource=GN_REFINEMENT&zc=85281&maximum_distance=all&list_price_min=39999&list_price_max=40149,39999,40149.0,5922.0,24.0,313
https://www.cars.com/shopping/results/?page_size=10&searchSource=GN_REFINEMENT&zc=85281&maximum_distance=all&list_price_min=40150&list_price_max=40474,40150,40474.0,5963.0,24.0,314
https://www.cars.com/shopping/results/?page_size=10&searchSource=GN_REFINEMENT&zc=85281&maximum_distance=all&list_price_min=40475&list_price_max=40599,40475,40599.0,5844.0,24.0,315
https://www.cars.com/shopping/results/?page_size=10&searchSource=GN_REFINEMENT&zc=85281&maximum_distance=all&list_price_min=40600&list_price_max=40899,40600,40899.0,5931.0,24.0,316
https://www.cars.com/shopping/results/?page_size=10&searchSource=GN_REFINEMENT&zc=85281&maximum_distance=all&list_price_min=40900&list_price_max=40990,40900,40990.0,5957.0,24.0,317
https://www.cars.com/shopping/results/?page_size=10&searchSource=GN_REFINEMENT&zc=85281&maximum_distance=all&list_price_min=40991&list_price_max=40999,40991,40999.0,5294.0,22.0,318
https://www.cars.com/shopping/results/?page_size=10&searchSource=GN_REFINEMENT&zc=85281&maximum_distance=all&list_price_min=41000&list_price_max=41299,41000,41299.0,5466.0,22.0,319
https://www.cars.com/shopping/results/?page_size=10&searchSource=GN_REFINEMENT&zc=85281&maximum_distance=all&list_price_min=41300&list_price_max=41499,41300,41499.0,5313.0,22.0,320
https://www.cars.com/shopping/results/?page_size=10&searchSource=GN_REFINEMENT&zc=85281&maximum_distance=all&list_price_min=41500&list_price_max=41699,41500,41699.0,5822.0,24.0,321
https://www.cars.com/shopping/results/?page_size=10&searchSource=GN_REFINEMENT&zc=85281&maximum_distance=all&list_price_min=41700&list_price_max=41899,41700,41899.0,5173.0,21.0,322
https://www.cars.com/shopping/results/?page_size=10&searchSource=GN_REFINEMENT&zc=85281&maximum_distance=all&list_price_min=41900&list_price_max=41989,41900,41989.0,4240.0,17.0,323
https://www.cars.com/shopping/results/?page_size=10&searchSource=GN_REFINEMENT&zc=85281&maximum_distance=all&list_price_min=41990&list_price_max=41998,41990,41998.0,5805.0,24.0,324
https://www.cars.com/shopping/results/?page_size=10&searchSource=GN_REFINEMENT&zc=85281&maximum_distance=all&list_price_min=41999&list_price_max=42149,41999,42149.0,5383.0,22.0,325
https://www.cars.com/shopping/results/?page_size=10&searchSource=GN_REFINEMENT&zc=85281&maximum_distance=all&list_price_min=42150&list_price_max=42399,42150,42399.0,5145.0,21.0,326
https://www.cars.com/shopping/results/?page_size=10&searchSource=GN_REFINEMENT&zc=85281&maximum_distance=all&list_price_min=42400&list_price_max=42449,42400,42449.0,,,327
https://www.cars.com/shopping/results/?page_size=10&searchSource=GN_REFINEMENT&zc=85281&maximum_distance=all&list_price_min=42450&list_price_max=42474,42450,42474.0,,,328
https://www.cars.com/shopping/results/?page_size=10&searchSource=GN_REFINEMENT&zc=85281&maximum_distance=all&list_price_min=42475&list_price_max=42489,42475,42489.0,,,329
https://www.cars.com/shopping/results/?page_size=10&searchSource=GN_REFINEMENT&zc=85281&maximum_distance=all&list_price_min=42490&list_price_max=42499,42490,42499.0,,,330
https://www.cars.com/shopping/results/?page_size=10&searchSource=GN_REFINEMENT&zc=85281&maximum_distance=all&list_price_min=42500&list_price_max=42549,42500,42549.0,,,331
https://www.cars.com/shopping/results/?page_size=10&searchSource=GN_REFINEMENT&zc=85281&maximum_distance=all&list_price_min=42550&list_price_max=42574,42550,42574.0,,,332
https://www.cars.com/shopping/results/?page_size=10&searchSource=GN_REFINEMENT&zc=85281&maximum_distance=all&list_price_min=42575&list_price_max=42589,42575,42589.0,,,333
https://www.cars.com/shopping/results/?page_size=10&searchSource=GN_REFINEMENT&zc=85281&maximum_distance=all&list_price_min=42590&list_price_max=42594,42590,42594.0,,,334
https://www.cars.com/shopping/results/?page_size=10&searchSource=GN_REFINEMENT&zc=85281&maximum_distance=all&list_price_min=42595&list_price_max=42599,42595,42599.0,,,335
https://www.cars.com/shopping/results/?page_size=10&searchSource=GN_REFINEMENT&zc=85281&maximum_distance=all&list_price_min=42600&list_price_max=42649,42600,42649.0,,,336
https://www.cars.com/shopping/results/?page_size=10&searchSource=GN_REFINEMENT&zc=85281&maximum_distance=all&list_price_min=42650&list_price_max=42874,42650,42874.0,5173.0,21.0,337
https://www.cars.com/shopping/results/?page_size=10&searchSource=GN_REFINEMENT&zc=85281&maximum_distance=all&list_price_min=42875&list_price_max=42989,42875,42989.0,4996.0,20.0,338
https://www.cars.com/shopping/results/?page_size=10&searchSource=GN_REFINEMENT&zc=85281&maximum_distance=all&list_price_min=42990&list_price_max=42998,42990,42998.0,5226.0,21.0,339
https://www.cars.com/shopping/results/?page_size=10&searchSource=GN_REFINEMENT&zc=85281&maximum_distance=all&list_price_min=42999&list_price_max=43149,42999,43149.0,5883.0,24.0,340
https://www.cars.com/shopping/results/?page_size=10&searchSource=GN_REFINEMENT&zc=85281&maximum_distance=all&list_price_min=43150&list_price_max=43474,43150,43474.0,5685.0,23.0,341
https://www.cars.com/shopping/results/?page_size=10&searchSource=GN_REFINEMENT&zc=85281&maximum_distance=all&list_price_min=43475&list_price_max=43589,43475,43589.0,4880.0,20.0,342
https://www.cars.com/shopping/results/?page_size=10&searchSource=GN_REFINEMENT&zc=85281&maximum_distance=all&list_price_min=43590&list_price_max=43799,43590,43799.0,5288.0,22.0,343
https://www.cars.com/shopping/results/?page_size=10&searchSource=GN_REFINEMENT&zc=85281&maximum_distance=all&list_price_min=43800&list_price_max=43984,43800,43984.0,5575.0,23.0,344
https://www.cars.com/shopping/results/?page_size=10&searchSource=GN_REFINEMENT&zc=85281&maximum_distance=all&list_price_min=43985&list_price_max=43998,43985,43998.0,5502.0,23.0,345
https://www.cars.com/shopping/results/?page_size=10&searchSource=GN_REFINEMENT&zc=85281&maximum_distance=all&list_price_min=43999&list_price_max=44199,43999,44199.0,5602.0,23.0,346
https://www.cars.com/shopping/results/?page_size=10&searchSource=GN_REFINEMENT&zc=85281&maximum_distance=all&list_price_min=44200&list_price_max=44489,44200,44489.0,5776.0,24.0,347
https://www.cars.com/shopping/results/?page_size=10&searchSource=GN_REFINEMENT&zc=85281&maximum_distance=all&list_price_min=44490&list_price_max=44599,44490,44599.0,5359.0,22.0,348
https://www.cars.com/shopping/results/?page_size=10&searchSource=GN_REFINEMENT&zc=85281&maximum_distance=all&list_price_min=44600&list_price_max=44849,44600,44849.0,5459.0,22.0,349
https://www.cars.com/shopping/results/?page_size=10&searchSource=GN_REFINEMENT&zc=85281&maximum_distance=all&list_price_min=44850&list_price_max=44989,44850,44989.0,5865.0,24.0,350
https://www.cars.com/shopping/results/?page_size=10&searchSource=GN_REFINEMENT&zc=85281&maximum_distance=all&list_price_min=44990&list_price_max=44998,44990,44998.0,4680.0,19.0,351
https://www.cars.com/shopping/results/?page_size=10&searchSource=GN_REFINEMENT&zc=85281&maximum_distance=all&list_price_min=44999&list_price_max=45149,44999,45149.0,5706.0,23.0,352
https://www.cars.com/shopping/results/?page_size=10&searchSource=GN_REFINEMENT&zc=85281&maximum_distance=all&list_price_min=45150&list_price_max=45474,45150,45474.0,5968.0,24.0,353
https://www.cars.com/shopping/results/?page_size=10&searchSource=GN_REFINEMENT&zc=85281&maximum_distance=all&list_price_min=45475&list_price_max=45649,45475,45649.0,5955.0,24.0,354
https://www.cars.com/shopping/results/?page_size=10&searchSource=GN_REFINEMENT&zc=85281&maximum_distance=all&list_price_min=45650&list_price_max=45749,45650,45749.0,1774.0,8.0,355
https://www.cars.com/shopping/results/?page_size=10&searchSource=GN_REFINEMENT&zc=85281&maximum_distance=all&list_price_min=45750&list_price_max=45799,45750,45799.0,,,356
https://www.cars.com/shopping/results/?page_size=10&searchSource=GN_REFINEMENT&zc=85281&maximum_distance=all&list_price_min=45800&list_price_max=45989,45800,45989.0,5914.0,24.0,357
https://www.cars.com/shopping/results/?page_size=10&searchSource=GN_REFINEMENT&zc=85281&maximum_distance=all&list_price_min=45990&list_price_max=45999,45990,45999.0,5807.0,24.0,358
https://www.cars.com/shopping/results/?page_size=10&searchSource=GN_REFINEMENT&zc=85281&maximum_distance=all&list_price_min=46000&list_price_max=46299,46000,46299.0,5098.0,21.0,359
https://www.cars.com/shopping/results/?page_size=10&searchSource=GN_REFINEMENT&zc=85281&maximum_distance=all&list_price_min=46300&list_price_max=46499,46300,46499.0,5694.0,23.0,360
https://www.cars.com/shopping/results/?page_size=10&searchSource=GN_REFINEMENT&zc=85281&maximum_distance=all&list_price_min=46500&list_price_max=46749,46500,46749.0,5720.0,23.0,361
https://www.cars.com/shopping/results/?page_size=10&searchSource=GN_REFINEMENT&zc=85281&maximum_distance=all&list_price_min=46750&list_price_max=46984,46750,46984.0,5769.0,24.0,362
https://www.cars.com/shopping/results/?page_size=10&searchSource=GN_REFINEMENT&zc=85281&maximum_distance=all&list_price_min=46985&list_price_max=46998,46985,46998.0,4212.0,17.0,363
https://www.cars.com/shopping/results/?page_size=10&searchSource=GN_REFINEMENT&zc=85281&maximum_distance=all&list_price_min=46999&list_price_max=47199,46999,47199.0,5974.0,24.0,364
https://www.cars.com/shopping/results/?page_size=10&searchSource=GN_REFINEMENT&zc=85281&maximum_distance=all&list_price_min=47200&list_price_max=47489,47200,47489.0,4714.0,19.0,365
https://www.cars.com/shopping/results/?page_size=10&searchSource=GN_REFINEMENT&zc=85281&maximum_distance=all&list_price_min=47490&list_price_max=47699,47490,47699.0,5965.0,24.0,366
https://www.cars.com/shopping/results/?page_size=10&searchSource=GN_REFINEMENT&zc=85281&maximum_distance=all&list_price_min=47700&list_price_max=47939,47700,47939.0,5917.0,24.0,367
https://www.cars.com/shopping/results/?page_size=10&searchSource=GN_REFINEMENT&zc=85281&maximum_distance=all&list_price_min=47940&list_price_max=47998,47940,47998.0,4994.0,20.0,368
https://www.cars.com/shopping/results/?page_size=10&searchSource=GN_REFINEMENT&zc=85281&maximum_distance=all&list_price_min=47999&list_price_max=48249,47999,48249.0,5816.0,24.0,369
https://www.cars.com/shopping/results/?page_size=10&searchSource=GN_REFINEMENT&zc=85281&maximum_distance=all&list_price_min=48250&list_price_max=48499,48250,48499.0,5333.0,22.0,370
https://www.cars.com/shopping/results/?page_size=10&searchSource=GN_REFINEMENT&zc=85281&maximum_distance=all&list_price_min=48500&list_price_max=48799,48500,48799.0,5852.0,24.0,371
https://www.cars.com/shopping/results/?page_size=10&searchSource=GN_REFINEMENT&zc=85281&maximum_distance=all&list_price_min=48800&list_price_max=48994,48800,48994.0,5952.0,24.0,372
https://www.cars.com/shopping/results/?page_size=10&searchSource=GN_REFINEMENT&zc=85281&maximum_distance=all&list_price_min=48995&list_price_max=49149,48995,49149.0,5626.0,23.0,373
https://www.cars.com/shopping/results/?page_size=10&searchSource=GN_REFINEMENT&zc=85281&maximum_distance=all&list_price_min=49150&list_price_max=49489,49150,49489.0,4980.0,20.0,374
https://www.cars.com/shopping/results/?page_size=10&searchSource=GN_REFINEMENT&zc=85281&maximum_distance=all&list_price_min=49490&list_price_max=49749,49490,49749.0,5672.0,23.0,375
https://www.cars.com/shopping/results/?page_size=10&searchSource=GN_REFINEMENT&zc=85281&maximum_distance=all&list_price_min=49750&list_price_max=49974,49750,49974.0,5940.0,24.0,376
https://www.cars.com/shopping/results/?page_size=10&searchSource=GN_REFINEMENT&zc=85281&maximum_distance=all&list_price_min=49975&list_price_max=49994,49975,49994.0,3049.0,13.0,377
https://www.cars.com/shopping/results/?page_size=10&searchSource=GN_REFINEMENT&zc=85281&maximum_distance=all&list_price_min=49995&list_price_max=49995,49995,49995.0,,,378
https://www.cars.com/shopping/results/?page_size=10&searchSource=GN_REFINEMENT&zc=85281&maximum_distance=all&list_price_min=49996&list_price_max=49998,49996,49998.0,,,379
https://www.cars.com/shopping/results/?page_size=10&searchSource=GN_REFINEMENT&zc=85281&maximum_distance=all&list_price_min=49999&list_price_max=49999,49999,49999.0,,,380
https://www.cars.com/shopping/results/?page_size=10&searchSource=GN_REFINEMENT&zc=85281&maximum_distance=all&list_price_min=50000&list_price_max=50049,50000,50049.0,,,381
https://www.cars.com/shopping/results/?page_size=10&searchSource=GN_REFINEMENT&zc=85281&maximum_distance=all&list_price_min=50050&list_price_max=50099,50050,50099.0,,,382
https://www.cars.com/shopping/results/?page_size=10&searchSource=GN_REFINEMENT&zc=85281&maximum_distance=all&list_price_min=50100&list_price_max=50149,50100,50149.0,,,383
https://www.cars.com/shopping/results/?page_size=10&searchSource=GN_REFINEMENT&zc=85281&maximum_distance=all&list_price_min=50150&list_price_max=50199,50150,50199.0,,,384
https://www.cars.com/shopping/results/?page_size=10&searchSource=GN_REFINEMENT&zc=85281&maximum_distance=all&list_price_min=50200&list_price_max=50224,50200,50224.0,,,385
https://www.cars.com/shopping/results/?page_size=10&searchSource=GN_REFINEMENT&zc=85281&maximum_distance=all&list_price_min=50225&list_price_max=50249,50225,50249.0,,,386
https://www.cars.com/shopping/results/?page_size=10&searchSource=GN_REFINEMENT&zc=85281&maximum_distance=all&list_price_min=50250&list_price_max=50299,50250,50299.0,,,387
https://www.cars.com/shopping/results/?page_size=10&searchSource=GN_REFINEMENT&zc=85281&maximum_distance=all&list_price_min=50300&list_price_max=50349,50300,50349.0,,,388
https://www.cars.com/shopping/results/?page_size=10&searchSource=GN_REFINEMENT&zc=85281&maximum_distance=all&list_price_min=50350&list_price_max=50649,50350,50649.0,5583.0,23.0,389
https://www.cars.com/shopping/results/?page_size=10&searchSource=GN_REFINEMENT&zc=85281&maximum_distance=all&list_price_min=50650&list_price_max=50989,50650,50989.0,5347.0,22.0,390
https://www.cars.com/shopping/results/?page_size=10&searchSource=GN_REFINEMENT&zc=85281&maximum_distance=all&list_price_min=50990&list_price_max=51224,50990,51224.0,5972.0,24.0,391
https://www.cars.com/shopping/results/?page_size=10&searchSource=GN_REFINEMENT&zc=85281&maximum_distance=all&list_price_min=51225&list_price_max=51589,51225,51589.0,5700.0,23.0,392
https://www.cars.com/shopping/results/?page_size=10&searchSource=GN_REFINEMENT&zc=85281&maximum_distance=all&list_price_min=51590&list_price_max=51974,51590,51974.0,5627.0,23.0,393
https://www.cars.com/shopping/results/?page_size=10&searchSource=GN_REFINEMENT&zc=85281&maximum_distance=all&list_price_min=51975&list_price_max=52149,51975,52149.0,5816.0,24.0,394
https://www.cars.com/shopping/results/?page_size=10&searchSource=GN_REFINEMENT&zc=85281&maximum_distance=all&list_price_min=52150&list_price_max=52489,52150,52489.0,4596.0,19.0,395
https://www.cars.com/shopping/results/?page_size=10&searchSource=GN_REFINEMENT&zc=85281&maximum_distance=all&list_price_min=52490&list_price_max=52799,52490,52799.0,5504.0,23.0,396
https://www.cars.com/shopping/results/?page_size=10&searchSource=GN_REFINEMENT&zc=85281&maximum_distance=all&list_price_min=52800&list_price_max=52995,52800,52995.0,5104.0,21.0,397
https://www.cars.com/shopping/results/?page_size=10&searchSource=GN_REFINEMENT&zc=85281&maximum_distance=all&list_price_min=52996&list_price_max=52998,52996,52998.0,,,398
https://www.cars.com/shopping/results/?page_size=10&searchSource=GN_REFINEMENT&zc=85281&maximum_distance=all&list_price_min=52999&list_price_max=53449,52999,53449.0,5984.0,24.0,399
https://www.cars.com/shopping/results/?page_size=10&searchSource=GN_REFINEMENT&zc=85281&maximum_distance=all&list_price_min=53450&list_price_max=53874,53450,53874.0,5883.0,24.0,400
https://www.cars.com/shopping/results/?page_size=10&searchSource=GN_REFINEMENT&zc=85281&maximum_distance=all&list_price_min=53875&list_price_max=53999,53875,53999.0,5768.0,24.0,401
https://www.cars.com/shopping/results/?page_size=10&searchSource=GN_REFINEMENT&zc=85281&maximum_distance=all&list_price_min=54000&list_price_max=54499,54000,54499.0,5889.0,24.0,402
https://www.cars.com/shopping/results/?page_size=10&searchSource=GN_REFINEMENT&zc=85281&maximum_distance=all&list_price_min=54500&list_price_max=54949,54500,54949.0,5866.0,24.0,403
https://www.cars.com/shopping/results/?page_size=10&searchSource=GN_REFINEMENT&zc=85281&maximum_distance=all&list_price_min=54950&list_price_max=55049,54950,55049.0,5723.0,23.0,404
https://www.cars.com/shopping/results/?page_size=10&searchSource=GN_REFINEMENT&zc=85281&maximum_distance=all&list_price_min=55050&list_price_max=55574,55050,55574.0,5972.0,24.0,405
https://www.cars.com/shopping/results/?page_size=10&searchSource=GN_REFINEMENT&zc=85281&maximum_distance=all&list_price_min=55575&list_price_max=55989,55575,55989.0,5296.0,22.0,406
https://www.cars.com/shopping/results/?page_size=10&searchSource=GN_REFINEMENT&zc=85281&maximum_distance=all&list_price_min=55990&list_price_max=56399,55990,56399.0,5628.0,23.0,407
https://www.cars.com/shopping/results/?page_size=10&searchSource=GN_REFINEMENT&zc=85281&maximum_distance=all&list_price_min=56400&list_price_max=56974,56400,56974.0,5978.0,24.0,408
https://www.cars.com/shopping/results/?page_size=10&searchSource=GN_REFINEMENT&zc=85281&maximum_distance=all&list_price_min=56975&list_price_max=57349,56975,57349.0,5737.0,23.0,409
https://www.cars.com/shopping/results/?page_size=10&searchSource=GN_REFINEMENT&zc=85281&maximum_distance=all&list_price_min=57350&list_price_max=57399,57350,57399.0,325.0,2.0,410
https://www.cars.com/shopping/results/?page_size=10&searchSource=GN_REFINEMENT&zc=85281&maximum_distance=all&list_price_min=57400&list_price_max=57449,57400,57449.0,,,411
https://www.cars.com/shopping/results/?page_size=10&searchSource=GN_REFINEMENT&zc=85281&maximum_distance=all&list_price_min=57450&list_price_max=57474,57450,57474.0,,,412
https://www.cars.com/shopping/results/?page_size=10&searchSource=GN_REFINEMENT&zc=85281&maximum_distance=all&list_price_min=57475&list_price_max=57489,57475,57489.0,,,413
https://www.cars.com/shopping/results/?page_size=10&searchSource=GN_REFINEMENT&zc=85281&maximum_distance=all&list_price_min=57490&list_price_max=57499,57490,57499.0,,,414
https://www.cars.com/shopping/results/?page_size=10&searchSource=GN_REFINEMENT&zc=85281&maximum_distance=all&list_price_min=57500&list_price_max=57549,57500,57549.0,,,415
https://www.cars.com/shopping/results/?page_size=10&searchSource=GN_REFINEMENT&zc=85281&maximum_distance=all&list_price_min=57550&list_price_max=57574,57550,57574.0,,,416
https://www.cars.com/shopping/results/?page_size=10&searchSource=GN_REFINEMENT&zc=85281&maximum_distance=all&list_price_min=57575&list_price_max=57589,57575,57589.0,,,417
https://www.cars.com/shopping/results/?page_size=10&searchSource=GN_REFINEMENT&zc=85281&maximum_distance=all&list_price_min=57590&list_price_max=57594,57590,57594.0,,,418
https://www.cars.com/shopping/results/?page_size=10&searchSource=GN_REFINEMENT&zc=85281&maximum_distance=all&list_price_min=57595&list_price_max=57599,57595,57599.0,,,419
https://www.cars.com/shopping/results/?page_size=10&searchSource=GN_REFINEMENT&zc=85281&maximum_distance=all&list_price_min=57600&list_price_max=57649,57600,57649.0,,,420
https://www.cars.com/shopping/results/?page_size=10&searchSource=GN_REFINEMENT&zc=85281&maximum_distance=all&list_price_min=57650&list_price_max=57998,57650,57998.0,5109.0,21.0,421
https://www.cars.com/shopping/results/?page_size=10&searchSource=GN_REFINEMENT&zc=85281&maximum_distance=all&list_price_min=57999&list_price_max=58589,57999,58589.0,5862.0,24.0,422
https://www.cars.com/shopping/results/?page_size=10&searchSource=GN_REFINEMENT&zc=85281&maximum_distance=all&list_price_min=58590&list_price_max=58999,58590,58999.0,5991.0,24.0,423
https://www.cars.com/shopping/results/?page_size=10&searchSource=GN_REFINEMENT&zc=85281&maximum_distance=all&list_price_min=59000&list_price_max=59699,59000,59699.0,5868.0,24.0,424
https://www.cars.com/shopping/results/?page_size=10&searchSource=GN_REFINEMENT&zc=85281&maximum_distance=all&list_price_min=59700&list_price_max=59998,59700,59998.0,5806.0,24.0,425
https://www.cars.com/shopping/results/?page_size=10&searchSource=GN_REFINEMENT&zc=85281&maximum_distance=all&list_price_min=59999&list_price_max=60724,59999,60724.0,5680.0,23.0,426
https://www.cars.com/shopping/results/?page_size=10&searchSource=GN_REFINEMENT&zc=85281&maximum_distance=all&list_price_min=60725&list_price_max=60739,60725,60739.0,,,427
https://www.cars.com/shopping/results/?page_size=10&searchSource=GN_REFINEMENT&zc=85281&maximum_distance=all&list_price_min=60740&list_price_max=61399,60740,61399.0,5915.0,24.0,428
https://www.cars.com/shopping/results/?page_size=10&searchSource=GN_REFINEMENT&zc=85281&maximum_distance=all&list_price_min=61400&list_price_max=62049,61400,62049.0,5995.0,24.0,429
https://www.cars.com/shopping/results/?page_size=10&searchSource=GN_REFINEMENT&zc=85281&maximum_distance=all&list_price_min=62050&list_price_max=62994,62050,62994.0,5936.0,24.0,430
https://www.cars.com/shopping/results/?page_size=10&searchSource=GN_REFINEMENT&zc=85281&maximum_distance=all&list_price_min=62995&list_price_max=63949,62995,63949.0,5988.0,24.0,431
https://www.cars.com/shopping/results/?page_size=10&searchSource=GN_REFINEMENT&zc=85281&maximum_distance=all&list_price_min=63950&list_price_max=64874,63950,64874.0,5849.0,24.0,432
https://www.cars.com/shopping/results/?page_size=10&searchSource=GN_REFINEMENT&zc=85281&maximum_distance=all&list_price_min=64875&list_price_max=64994,64875,64994.0,1491.0,6.0,433
https://www.cars.com/shopping/results/?page_size=10&searchSource=GN_REFINEMENT&zc=85281&maximum_distance=all&list_price_min=64995&list_price_max=64995,64995,64995.0,,,434
https://www.cars.com/shopping/results/?page_size=10&searchSource=GN_REFINEMENT&zc=85281&maximum_distance=all&list_price_min=64996&list_price_max=64998,64996,64998.0,,,435
https://www.cars.com/shopping/results/?page_size=10&searchSource=GN_REFINEMENT&zc=85281&maximum_distance=all&list_price_min=64999&list_price_max=64999,64999,64999.0,,,436
https://www.cars.com/shopping/results/?page_size=10&searchSource=GN_REFINEMENT&zc=85281&maximum_distance=all&list_price_min=65000&list_price_max=65049,65000,65049.0,,,437
https://www.cars.com/shopping/results/?page_size=10&searchSource=GN_REFINEMENT&zc=85281&maximum_distance=all&list_price_min=65050&list_price_max=65099,65050,65099.0,,,438
https://www.cars.com/shopping/results/?page_size=10&searchSource=GN_REFINEMENT&zc=85281&maximum_distance=all&list_price_min=65100&list_price_max=65149,65100,65149.0,,,439
https://www.cars.com/shopping/results/?page_size=10&searchSource=GN_REFINEMENT&zc=85281&maximum_distance=all&list_price_min=65150&list_price_max=65199,65150,65199.0,,,440
https://www.cars.com/shopping/results/?page_size=10&searchSource=GN_REFINEMENT&zc=85281&maximum_distance=all&list_price_min=65200&list_price_max=65224,65200,65224.0,,,441
https://www.cars.com/shopping/results/?page_size=10&searchSource=GN_REFINEMENT&zc=85281&maximum_distance=all&list_price_min=65225&list_price_max=65249,65225,65249.0,,,442
https://www.cars.com/shopping/results/?page_size=10&searchSource=GN_REFINEMENT&zc=85281&maximum_distance=all&list_price_min=65250&list_price_max=65299,65250,65299.0,,,443
https://www.cars.com/shopping/results/?page_size=10&searchSource=GN_REFINEMENT&zc=85281&maximum_distance=all&list_price_min=65300&list_price_max=66349,65300,66349.0,5798.0,24.0,444
https://www.cars.com/shopping/results/?page_size=10&searchSource=GN_REFINEMENT&zc=85281&maximum_distance=all&list_price_min=66350&list_price_max=67489,66350,67489.0,5816.0,24.0,445
https://www.cars.com/shopping/results/?page_size=10&searchSource=GN_REFINEMENT&zc=85281&maximum_distance=all&list_price_min=67490&list_price_max=68199,67490,68199.0,3760.0,16.0,446
https://www.cars.com/shopping/results/?page_size=10&searchSource=GN_REFINEMENT&zc=85281&maximum_distance=all&list_price_min=68200&list_price_max=68224,68200,68224.0,,,447
https://www.cars.com/shopping/results/?page_size=10&searchSource=GN_REFINEMENT&zc=85281&maximum_distance=all&list_price_min=68225&list_price_max=69649,68225,69649.0,5948.0,24.0,448
https://www.cars.com/shopping/results/?page_size=10&searchSource=GN_REFINEMENT&zc=85281&maximum_distance=all&list_price_min=69650&list_price_max=70949,69650,70949.0,5996.0,24.0,449
https://www.cars.com/shopping/results/?page_size=10&searchSource=GN_REFINEMENT&zc=85281&maximum_distance=all&list_price_min=70950&list_price_max=72599,70950,72599.0,5935.0,24.0,450
https://www.cars.com/shopping/results/?page_size=10&searchSource=GN_REFINEMENT&zc=85281&maximum_distance=all&list_price_min=72600&list_price_max=72649,72600,72649.0,,,451
https://www.cars.com/shopping/results/?page_size=10&searchSource=GN_REFINEMENT&zc=85281&maximum_distance=all&list_price_min=72650&list_price_max=72699,72650,72699.0,,,452
https://www.cars.com/shopping/results/?page_size=10&searchSource=GN_REFINEMENT&zc=85281&maximum_distance=all&list_price_min=72700&list_price_max=72724,72700,72724.0,,,453
https://www.cars.com/shopping/results/?page_size=10&searchSource=GN_REFINEMENT&zc=85281&maximum_distance=all&list_price_min=72725&list_price_max=72739,72725,72739.0,,,454
https://www.cars.com/shopping/results/?page_size=10&searchSource=GN_REFINEMENT&zc=85281&maximum_distance=all&list_price_min=72740&list_price_max=72749,72740,72749.0,,,455
https://www.cars.com/shopping/results/?page_size=10&searchSource=GN_REFINEMENT&zc=85281&maximum_distance=all&list_price_min=72750&list_price_max=72799,72750,72799.0,,,456
https://www.cars.com/shopping/results/?page_size=10&searchSource=GN_REFINEMENT&zc=85281&maximum_distance=all&list_price_min=72800&list_price_max=72849,72800,72849.0,,,457
https://www.cars.com/shopping/results/?page_size=10&searchSource=GN_REFINEMENT&zc=85281&maximum_distance=all&list_price_min=72850&list_price_max=72874,72850,72874.0,,,458
https://www.cars.com/shopping/results/?page_size=10&searchSource=GN_REFINEMENT&zc=85281&maximum_distance=all&list_price_min=72875&list_price_max=72899,72875,72899.0,,,459
https://www.cars.com/shopping/results/?page_size=10&searchSource=GN_REFINEMENT&zc=85281&maximum_distance=all&list_price_min=72900&list_price_max=72939,72900,72939.0,,,460
https://www.cars.com/shopping/results/?page_size=10&searchSource=GN_REFINEMENT&zc=85281&maximum_distance=all&list_price_min=72940&list_price_max=72949,72940,72949.0,,,461
https://www.cars.com/shopping/results/?page_size=10&searchSource=GN_REFINEMENT&zc=85281&maximum_distance=all&list_price_min=72950&list_price_max=74849,72950,74849.0,6000.0,25.0,462
https://www.cars.com/shopping/results/?page_size=10&searchSource=GN_REFINEMENT&zc=85281&maximum_distance=all&list_price_min=74850&list_price_max=75649,74850,75649.0,2633.0,11.0,463
https://www.cars.com/shopping/results/?page_size=10&searchSource=GN_REFINEMENT&zc=85281&maximum_distance=all&list_price_min=75650&list_price_max=75699,75650,75699.0,,,464
https://www.cars.com/shopping/results/?page_size=10&searchSource=GN_REFINEMENT&zc=85281&maximum_distance=all&list_price_min=75700&list_price_max=77995,75700,77995.0,5973.0,24.0,465
https://www.cars.com/shopping/results/?page_size=10&searchSource=GN_REFINEMENT&zc=85281&maximum_distance=all&list_price_min=77996&list_price_max=79995,77996,79995.0,5116.0,21.0,466
https://www.cars.com/shopping/results/?page_size=10&searchSource=GN_REFINEMENT&zc=85281&maximum_distance=all&list_price_min=79996&list_price_max=79998,79996,79998.0,,,467
https://www.cars.com/shopping/results/?page_size=10&searchSource=GN_REFINEMENT&zc=85281&maximum_distance=all&list_price_min=79999&list_price_max=79999,79999,79999.0,,,468
https://www.cars.com/shopping/results/?page_size=10&searchSource=GN_REFINEMENT&zc=85281&maximum_distance=all&list_price_min=80000&list_price_max=80999,80000,80999.0,,,469
https://www.cars.com/shopping/results/?page_size=10&searchSource=GN_REFINEMENT&zc=85281&maximum_distance=all&list_price_min=81000&list_price_max=81999,81000,81999.0,,,470
https://www.cars.com/shopping/results/?page_size=10&searchSource=GN_REFINEMENT&zc=85281&maximum_distance=all&list_price_min=82000&list_price_max=82999,82000,82999.0,,,471
https://www.cars.com/shopping/results/?page_size=10&searchSource=GN_REFINEMENT&zc=85281&maximum_distance=all&list_price_min=83000&list_price_max=83999,83000,83999.0,,,472
https://www.cars.com/shopping/results/?page_size=10&searchSource=GN_REFINEMENT&zc=85281&maximum_distance=all&list_price_min=84000&list_price_max=84999,84000,84999.0,,,473
https://www.cars.com/shopping/results/?page_size=10&searchSource=GN_REFINEMENT&zc=85281&maximum_distance=all&list_price_min=85000&list_price_max=85999,85000,85999.0,,,474
https://www.cars.com/shopping/results/?page_size=10&searchSource=GN_REFINEMENT&zc=85281&maximum_distance=all&list_price_min=86000&list_price_max=86999,86000,86999.0,,,475
https://www.cars.com/shopping/results/?page_size=10&searchSource=GN_REFINEMENT&zc=85281&maximum_distance=all&list_price_min=87000&list_price_max=87999,87000,87999.0,,,476
https://www.cars.com/shopping/results/?page_size=10&searchSource=GN_REFINEMENT&zc=85281&maximum_distance=all&list_price_min=88000&list_price_max=88999,88000,88999.0,,,477
https://www.cars.com/shopping/results/?page_size=10&searchSource=GN_REFINEMENT&zc=85281&maximum_distance=all&list_price_min=89000&list_price_max=96999,89000,96999.0,5892.0,24.0,478
https://www.cars.com/shopping/results/?page_size=10&searchSource=GN_REFINEMENT&zc=85281&maximum_distance=all&list_price_min=97000&list_price_max=109999,97000,109999.0,5127.0,21.0,479
https://www.cars.com/shopping/results/?page_size=10&searchSource=GN_REFINEMENT&zc=85281&maximum_distance=all&list_price_min=110000&list_price_max=144999,110000,144999.0,5840.0,24.0,480
https://www.cars.com/shopping/results/?page_size=10&searchSource=GN_REFINEMENT&zc=85281&maximum_distance=all&list_price_min=145000&list_price_max=nan,145000,,5689.0,23.0,481
